player.name,season,player.team.code,gamesPlayed,minutesPerGame,pointsPerGame,reboundsPerGame,assistsPerGame,stealsPerGame,blocksPerGame,turnoversPerGame,pirPerGame,twoPointersPercentage,threePointersPercentage,freeThrowsPercentage
"LAZIC, BRANKO",2020,RED,33.0,16.325252525252527,2.7,1.3,0.7,0.6,0.0,0.3,1.6,38.9,35.4,90.9
"MAHMUTOGLU, MELIH",2020,ULK,28.0,13.68154761904762,4.1,0.7,0.3,0.2,0.0,0.5,1.7,56.4,32.8,85.7
"TAYLOR, JEFFERY",2020,MAD,32.0,14.7625,3.6,1.5,0.5,0.4,0.1,0.7,2.0,58.8,26.5,75.0
"MATTISSECK, JONAS",2020,BER,31.0,13.811827956989248,3.0,1.1,0.9,0.4,0.0,0.5,2.1,42.9,35.9,87.5
"JENKINS, CHARLES",2020,OLY,34.0,15.875,2.9,1.2,0.9,0.8,0.0,0.4,2.2,67.7,42.5,66.7
"OLINDE, LOUIS",2020,BER,25.0,15.990666666666666,4.3,2.7,0.2,0.5,0.2,0.8,3.0,41.7,35.7,65.0
"STRELNIEKS, JANIS",2020,CSK,26.0,13.816666666666666,4.4,0.8,1.6,0.3,0.0,0.5,3.2,46.0,41.7,64.3
"BROOKS, JEFF",2020,MIL,32.0,12.5859375,2.1,2.2,0.7,0.2,0.4,0.2,3.2,42.4,38.5,69.2
"ALOCEN, CARLOS",2020,MAD,28.0,13.4,3.9,1.4,2.2,0.2,0.1,1.5,3.3,51.5,28.2,58.3
"RADOSEVIC, LEON",2020,MUN,37.0,13.814864864864864,3.4,2.1,0.6,0.4,0.1,0.7,3.3,45.8,31.8,60.0
"LARENTZAKIS, GIANNOULIS",2020,OLY,21.0,12.423809523809522,4.5,1.6,1.4,0.8,0.0,1.0,3.5,42.9,32.8,76.0
"ROLL, MICHAEL",2020,MIL,36.0,14.319907407407406,4.2,1.2,1.2,0.4,0.1,0.4,3.6,46.6,43.5,88.9
"BOCHORIDIS, ELEFTHERIOS",2020,PAN,31.0,15.868279569892474,4.4,1.8,2.2,0.7,0.2,1.4,4.0,37.5,29.8,77.5
"REATH, DUOP",2020,RED,23.0,13.321739130434782,4.8,1.9,0.2,0.2,0.3,0.3,4.0,65.2,35.0,81.8
"HALL, LANGSTON",2020,RED,21.0,16.219047619047622,5.2,1.6,2.8,0.8,0.1,1.8,4.1,41.6,41.4,100.0
"GIST, JAMES",2020,MUN,23.0,21.571014492753623,5.6,3.0,0.7,0.7,0.3,1.0,4.2,47.9,16.7,63.8
"EDDIE, JARELL",2020,ULK,32.0,16.986458333333335,5.9,2.1,0.4,0.3,0.1,0.7,4.2,50.0,44.9,90.5
"MILAKNIS, ARTURAS",2020,ZAL,25.0,18.54533333333333,6.0,1.0,0.7,0.5,0.1,0.4,4.5,48.3,47.0,100.0
"JAGODIC-KURIDZA, MARKO",2020,RED,34.0,18.7093137254902,4.4,2.9,1.1,0.4,0.1,0.6,4.5,38.2,35.1,77.5
"FERNANDEZ, RUDY",2020,MAD,28.0,15.435714285714283,5.5,1.1,1.2,0.5,0.1,0.6,4.5,31.6,34.6,84.6
"RIVERS, KC",2020,DYR,37.0,22.307657657657657,6.1,2.5,0.7,0.5,0.1,0.4,4.5,48.1,35.5,45.5
"TARCZEWSKI, KALEB",2020,MIL,39.0,13.407264957264957,4.0,2.9,0.3,0.3,0.4,0.8,4.6,57.9,0.0,66.0
"SISKO, ZAN MARK",2020,MUN,32.0,17.227604166666666,4.3,1.4,3.3,0.8,0.0,0.9,4.6,47.3,39.2,80.0
"VIVES, GUILLEM",2020,PAM,26.0,18.091666666666665,4.5,1.5,2.3,0.9,0.1,1.1,4.6,61.1,39.6,68.8
"SIMONOVIC, MARKO",2020,RED,23.0,18.63115942028985,5.3,2.3,0.5,0.3,0.0,0.4,4.7,37.1,45.8,71.4
"ABRINES, ALEX",2020,BAR,39.0,18.7017094017094,6.1,1.8,0.7,0.6,0.2,0.3,4.7,44.0,42.3,90.3
"ULANOVAS, EDGARAS",2020,ULK,28.0,19.57857142857143,4.5,1.6,1.4,0.2,0.0,0.8,4.7,51.6,40.0,72.2
"MONIA, SERGEY",2020,KHI,26.0,22.67948717948718,5.0,3.0,1.6,0.6,0.5,0.9,4.7,45.0,40.7,0.0
"SPANOULIS, VASSILIS",2020,OLY,34.0,17.272058823529413,6.4,1.5,2.7,0.6,0.0,2.0,4.7,45.8,28.3,64.4
"HANGA, ADAM",2020,BAR,41.0,15.898373983739836,4.6,2.2,1.7,0.8,0.3,1.2,4.8,47.5,34.3,64.7
"KURBANOV, NIKITA",2020,CSK,39.0,22.053846153846155,4.1,2.6,0.9,0.6,0.3,0.7,4.8,62.0,33.8,71.8
"JOHNSON, JAJUAN",2020,MUN,38.0,14.189035087719295,4.3,2.9,0.3,0.4,0.4,0.6,4.9,48.3,0.0,78.1
"SAN EMETERIO, FERNANDO",2020,PAM,24.0,13.28263888888889,4.9,1.3,1.3,0.3,0.0,0.5,5.0,46.2,36.2,95.0
"MACK, SHELVIN",2020,PAN,26.0,16.476282051282052,6.0,1.2,2.8,0.7,0.0,1.6,5.0,40.8,41.7,74.2
"ZUBKOV, ANDREY",2020,DYR,39.0,16.044444444444444,5.1,2.1,1.1,0.3,0.0,0.9,5.1,60.2,37.7,64.7
"NOUA, AMINE",2020,ASV,28.0,15.527976190476192,5.0,2.5,0.8,0.4,0.4,0.5,5.1,48.5,31.7,76.2
"MICOV, VLADIMIR",2020,MIL,30.0,19.081666666666667,6.1,1.6,1.0,0.6,0.1,0.9,5.4,50.0,45.8,75.0
"CAUSEUR, FABIEN",2020,MAD,28.0,14.108928571428573,6.3,1.1,1.4,0.4,0.0,1.0,5.4,51.4,41.7,65.9
"KARASEV, SERGEY",2020,KHI,28.0,18.660714285714285,5.7,2.0,1.0,1.0,0.1,0.7,5.4,61.7,31.2,87.9
"HARRISON, AARON",2020,OLY,27.0,17.5,6.5,1.8,1.1,0.5,0.1,0.7,5.4,41.5,26.6,80.7
"KAHUDI, CHARLES",2020,ASV,31.0,21.20860215053764,5.6,2.4,0.9,0.8,0.1,0.7,5.5,44.1,39.4,90.6
"SEDEKERSKIS, TADAS",2020,BAS,32.0,16.276041666666668,3.5,2.9,1.1,0.6,0.2,0.6,5.6,56.6,36.7,78.3
"ORIOLA, PIERRE",2020,BAR,38.0,15.016666666666666,5.4,3.6,0.8,0.2,0.3,1.2,5.7,56.9,50.0,58.9
"ANDERSON, JAMES",2020,IST,41.0,15.148373983739836,4.2,2.8,0.8,0.4,0.1,0.4,5.7,54.0,45.1,71.4
"HOLLINS, AUSTIN",2020,DYR,38.0,19.36184210526316,8.2,1.7,0.9,1.0,0.2,0.8,5.8,52.0,36.9,83.0
"HILLIARD, DARRUN",2020,CSK,37.0,19.409009009009008,8.7,2.0,1.1,0.6,0.2,1.1,5.9,44.1,32.7,85.7
"BENTIL, BENJAMIN",2020,PAN,31.0,15.870967741935484,6.0,2.6,0.9,0.5,0.2,1.1,5.9,53.1,36.4,74.0
"SMITS, ROLANDS",2020,BAR,41.0,15.926829268292684,5.5,3.2,0.6,0.4,0.2,1.0,6.0,65.7,39.6,76.7
"KUZMIC, OGNJEN",2020,RED,32.0,13.91875,3.8,3.9,0.2,0.3,0.3,0.5,6.1,54.4,0.0,64.1
"GARUBA, USMAN",2020,MAD,39.0,16.28846153846154,3.9,4.0,0.7,0.6,0.7,1.2,6.1,62.8,26.8,59.5
"DATOME, LUIGI",2020,MIL,37.0,16.49009009009009,7.1,2.8,0.8,0.2,0.1,0.5,6.4,45.8,51.1,89.7
"ZAITCEV, VIACHESLAV",2020,KHI,34.0,19.473529411764705,5.1,2.4,2.4,1.3,0.4,1.6,6.4,51.0,32.5,81.1
"BENDER, DRAGAN",2020,TEL,34.0,19.123039215686276,6.6,3.8,0.7,0.4,0.5,1.1,6.7,60.5,34.5,75.6
"JOKUBAITIS, ROKAS",2020,ZAL,31.0,20.92096774193548,7.0,1.7,2.5,0.5,0.0,1.5,6.8,47.8,38.8,75.6
"DRAGIC, ZORAN",2020,BAS,33.0,17.97020202020202,8.5,1.6,0.9,0.6,0.0,1.2,6.8,51.1,28.4,78.7
"DOBRIC, OGNJEN",2020,RED,32.0,18.619791666666668,8.2,2.0,0.8,0.9,0.0,1.1,7.0,39.8,45.6,85.7
"JEAN-CHARLES, LIVIO",2020,OLY,29.0,17.529885057471265,6.3,3.2,0.5,0.6,0.7,1.2,7.1,66.7,27.3,87.5
"WEILER-BABB, NICK",2020,MUN,33.0,23.606565656565657,6.3,3.2,2.2,1.2,0.2,1.2,7.1,35.5,34.0,80.7
"CARROLL, JAYCEE",2020,MAD,31.0,14.875806451612902,9.4,1.1,0.5,0.2,0.0,0.8,7.1,63.3,40.3,94.4
"JANKUNAS, PAULIUS",2020,ZAL,34.0,15.883333333333333,3.9,4.4,1.0,0.5,0.1,0.8,7.1,50.8,27.6,91.1
"BOLOMBOY, JOEL",2020,CSK,25.0,16.925333333333334,5.4,3.8,0.3,0.6,0.5,0.8,7.2,62.3,25.0,77.1
"SANLI, SERTAC",2020,IST,34.0,14.21813725490196,7.8,2.2,0.6,0.4,0.5,0.6,7.3,66.1,34.9,81.5
"BAKO, ISMAEL",2020,ASV,27.0,14.375308641975309,5.6,3.6,0.4,0.5,0.8,0.8,7.4,60.0,0.0,87.8
"PLEISS, TIBOR",2020,IST,24.0,12.033333333333331,6.8,2.7,0.5,0.2,0.3,0.8,7.5,60.2,41.2,88.9
"JONES, CHRIS",2020,TEL,34.0,17.49313725490196,7.0,1.8,2.8,0.9,0.1,1.4,7.5,53.8,36.2,75.0
"DIOT, ANTOINE",2020,ASV,30.0,18.737777777777776,5.9,2.0,3.0,0.7,0.0,1.5,7.6,55.6,52.5,70.6
"LO, MAODO",2020,BER,27.0,21.56851851851852,9.5,1.3,3.1,0.6,0.0,2.1,7.6,51.9,34.6,88.6
"BARON, BILLY",2020,DYR,39.0,18.664529914529915,9.6,1.4,1.7,0.4,0.0,0.9,7.8,45.3,44.8,86.5
"HERMANNSSON, MARTIN",2020,PAM,29.0,17.71206896551724,6.9,1.5,3.4,0.5,0.0,1.3,7.8,45.8,38.3,87.0
"LLULL, SERGIO",2020,MAD,26.0,17.73717948717949,8.7,1.5,3.0,0.4,0.0,0.8,7.8,41.5,33.0,86.3
"SEELEY, DENNIS",2020,MUN,27.0,20.337654320987653,8.1,1.0,2.2,0.7,0.0,1.5,7.8,46.1,51.5,83.9
"CALOIARO, ANGELO",2020,TEL,33.0,25.58333333333333,5.9,3.4,1.7,0.8,0.1,0.8,7.8,57.5,31.7,81.8
"LAPROVITTOLA, NICOLAS",2020,MAD,34.0,17.630392156862744,6.8,1.6,3.8,0.7,0.0,1.6,8.1,43.9,34.7,86.8
"ELLIS, OCTAVIUS",2020,OLY,33.0,14.293434343434344,5.9,4.1,0.4,0.4,0.7,1.2,8.1,72.6,0.0,79.2
"KURIC, KYLE",2020,BAR,39.0,18.822222222222223,8.7,1.6,0.5,0.4,0.1,0.6,8.2,55.1,56.2,96.1
"BARTHEL, DANILO",2020,ULK,29.0,21.82068965517241,6.3,3.1,1.3,0.5,0.2,1.2,8.2,57.8,41.2,88.4
"DAVIDOVAC, DEJAN",2020,RED,33.0,22.6510101010101,7.2,2.8,1.6,1.0,0.2,1.1,8.3,56.6,37.8,78.0
"GIFFEY, NIELS",2020,BER,24.0,20.03333333333333,8.1,2.9,1.4,0.8,0.4,1.3,8.3,52.5,41.8,79.2
"SINGLETON, CHRIS",2020,IST,41.0,22.03048780487805,6.1,3.8,0.6,0.7,0.5,0.6,8.3,48.7,39.6,81.3
"ABALDE, ALBERTO",2020,MAD,39.0,19.49188034188034,7.2,2.7,2.3,0.5,0.0,1.0,8.3,47.0,43.5,84.1
"LEKAVICIUS, LUKAS",2020,ZAL,33.0,18.34292929292929,8.2,1.2,2.4,0.5,0.0,1.6,8.3,56.8,50.0,86.4
"JEKIRI, TONYE",2020,BAS,30.0,18.84555555555556,6.0,4.9,1.9,0.7,0.4,1.5,8.4,51.0,0.0,64.3
"MOERMAN, ADRIEN",2020,IST,41.0,20.50325203252033,6.4,4.6,1.1,0.6,0.1,1.0,8.5,60.5,34.3,56.7
"BROWN, LORENZO",2020,ULK,37.0,22.992792792792795,9.5,2.2,3.5,1.3,0.0,2.1,8.6,47.0,32.7,80.4
"POYTHRESS, ALEX",2020,DYR,32.0,18.77239583333333,8.6,4.3,0.5,0.6,0.7,1.1,8.8,61.6,0.0,71.1
"BRYANT, ELIJAH",2020,TEL,34.0,23.325490196078437,9.8,3.0,2.0,0.9,0.1,1.6,8.8,48.3,36.9,84.7
"SANT-ROOS, HOWARD",2020,PAN,32.0,24.367708333333333,7.2,2.4,3.7,1.5,0.2,1.8,8.9,46.2,34.8,80.9
"PRINTEZIS, GEORGIOS",2020,OLY,31.0,18.162365591397847,8.5,2.7,1.0,0.3,0.1,1.2,8.9,61.2,43.6,56.9
"WHITE, AARON",2020,PAN,33.0,22.391414141414145,7.3,4.0,1.0,0.5,0.2,0.7,9.0,61.1,36.5,80.6
"VAN ROSSOM, SAM",2020,PAM,33.0,22.514646464646464,7.3,2.6,3.8,0.7,0.1,2.0,9.2,56.5,35.0,87.0
"BEAUBOIS, RODRIGUE",2020,IST,38.0,21.41140350877193,10.6,1.8,1.8,0.5,0.3,1.2,9.4,53.2,49.3,90.9
"RUBIT, AUGUSTINE",2020,ZAL,31.0,19.101612903225806,8.1,4.2,0.7,0.6,0.3,1.0,9.4,52.6,26.7,82.9
"THIEMANN, JOHANNES",2020,BER,31.0,18.96021505376344,7.7,3.8,1.5,0.7,0.0,1.1,9.4,48.1,37.7,80.0
"ZIPSER, PAUL",2020,MUN,39.0,21.98376068376069,9.1,3.0,1.1,0.7,0.3,0.7,9.5,57.9,43.8,80.5
"LABEYRIE, LOUIS",2020,PAM,29.0,20.25919540229885,7.5,3.6,0.5,0.5,0.3,0.6,9.7,70.8,36.0,74.5
"DORSEY, TYLER",2020,TEL,34.0,21.88235294117647,11.2,2.7,1.6,0.6,0.1,1.9,9.7,48.0,39.4,78.8
"WILLIAMS, DERRICK",2020,PAM,34.0,20.20686274509804,9.0,3.1,1.1,0.7,0.1,1.0,9.7,66.2,32.4,73.5
"MCKISSIC, SHAQUIELLE",2020,OLY,33.0,23.40858585858586,10.7,2.3,2.2,1.5,0.2,1.4,9.8,51.6,30.7,71.6
"HAYES-DAVIS, NIGEL",2020,ZAL,33.0,26.71060606060606,9.5,3.9,1.2,1.1,0.2,1.1,9.8,44.3,44.3,89.4
"WALDEN, COREY",2020,RED,30.0,23.357777777777777,10.5,1.8,2.3,0.9,0.1,1.9,9.9,46.2,39.0,83.8
"HINES, KYLE",2020,MIL,40.0,24.32583333333333,7.7,4.4,2.0,0.8,0.8,1.3,10.0,55.2,0.0,65.2
"FONTECCHIO, SIMONE",2020,BER,29.0,23.423563218390804,10.6,3.4,1.6,0.9,0.2,1.6,10.1,53.8,38.8,88.6
"VILDOZA, LUCA",2020,BAS,32.0,25.18125,10.2,2.0,3.5,1.6,0.1,2.3,10.2,46.0,38.8,76.1
"HOWARD, WILLIAM",2020,ASV,22.0,17.861363636363635,8.5,3.0,1.2,1.1,0.1,1.1,10.3,58.3,51.5,93.5
"COLE, NORRIS",2020,ASV,30.0,26.25777777777778,13.7,1.9,3.6,0.8,0.1,2.4,10.3,47.0,35.0,88.0
"CALATHES, NICK",2020,BAR,41.0,25.138211382113823,7.8,3.3,6.5,0.9,0.2,2.6,10.3,48.0,32.7,53.3
"DECK, GABRIEL",2020,MAD,32.0,24.109895833333333,8.8,3.7,1.2,0.7,0.0,1.2,10.3,52.4,40.7,84.3
"PAPAPETROU, IOANNIS",2020,PAN,27.0,30.66604938271605,12.1,4.1,2.4,0.6,0.1,2.0,10.6,42.9,36.3,73.0
"WALKUP, THOMAS",2020,ZAL,34.0,24.154901960784315,8.2,3.0,4.5,1.1,0.0,1.6,10.6,46.9,37.1,90.6
"ERIKSSON, MARCUS",2020,BER,22.0,23.312878787878788,12.4,1.7,0.7,0.5,0.0,1.0,10.7,58.9,44.3,94.3
"LIGHTY, DAVID",2020,ASV,33.0,25.31212121212121,11.3,2.8,1.9,1.0,0.0,1.8,10.7,53.5,35.1,86.1
"HUNTER, OTHELLO",2020,TEL,27.0,20.94320987654321,8.0,5.3,1.0,0.8,0.6,1.1,10.7,51.8,0.0,71.4
"RODRIGUEZ, SERGIO",2020,MIL,37.0,19.94324324324324,9.7,2.0,4.5,0.8,0.1,1.9,10.8,60.0,35.4,90.6
"DUNSTON, BRYANT",2020,IST,36.0,21.029166666666665,7.9,3.9,1.0,0.9,0.9,0.6,10.8,58.2,50.0,61.0
"GUDURIC, MARKO",2020,ULK,21.0,25.77380952380953,12.2,2.7,2.3,0.8,0.3,2.0,10.8,48.9,41.7,84.4
"HACKETT, DANIEL",2020,CSK,29.0,24.135057471264368,9.5,2.7,2.3,1.0,0.0,1.2,10.9,44.6,45.3,84.8
"MARTIN, HASSAN",2020,OLY,24.0,22.900694444444444,9.0,4.6,0.4,0.8,0.5,1.0,10.9,72.0,0.0,71.4
"YABUSELE, GUERSCHON",2020,ASV,30.0,25.13222222222222,11.0,4.2,1.2,0.8,0.6,1.6,11.0,52.8,38.4,71.4
"THOMPKINS, TREY",2020,MAD,38.0,21.28333333333333,10.1,4.1,1.2,0.6,0.3,1.0,11.0,61.2,42.4,94.7
"MCCOLLUM, ERRICK",2020,KHI,28.0,21.57619047619048,11.6,2.4,2.3,0.9,0.2,1.6,11.2,44.0,34.4,84.8
"MITOGLOU, KONSTANTINOS",2020,PAN,34.0,20.311764705882357,9.3,5.4,0.9,0.7,0.3,1.2,11.3,57.5,29.5,71.2
"PREPELIC, KLEMEN",2020,PAM,32.0,20.561979166666667,12.1,1.4,2.8,0.5,0.0,1.7,11.3,56.2,41.5,90.1
"ZIZIC, ANTE",2020,TEL,34.0,19.87745098039216,9.1,5.4,0.7,0.4,0.8,1.4,11.4,58.9,0.0,77.1
"VOIGTMANN, JOHANNES",2020,CSK,37.0,19.604054054054053,8.5,4.9,1.3,0.5,0.3,1.1,11.4,61.1,46.4,86.3
"GRANGER, JAYSON",2020,BER,28.0,23.285714285714285,8.1,2.7,4.9,1.0,0.0,1.9,11.4,49.0,33.6,77.8
"DELANEY, MALCOLM",2020,MIL,32.0,24.922916666666666,11.6,2.6,3.5,0.9,0.0,2.0,11.5,42.1,38.8,81.4
"PUNTER, KEVIN",2020,MIL,36.0,24.70648148148148,14.3,1.6,1.4,0.8,0.1,1.1,11.6,50.7,39.2,89.4
"TOBEY, MIKE",2020,PAM,33.0,18.68282828282828,9.6,5.0,0.8,0.4,0.4,0.9,11.7,67.5,39.6,81.4
"SIVA, PEYTON",2020,BER,26.0,20.308333333333334,10.1,2.0,5.2,1.2,0.0,2.3,11.7,43.0,33.3,90.4
"PIERRE, DYSHAWN",2020,ULK,36.0,24.166666666666668,9.1,3.3,2.0,0.5,0.4,1.2,11.9,61.4,41.7,88.0
"LAUVERGNE, JOFFREY",2020,ZAL,32.0,20.909375,10.7,5.6,1.5,0.5,0.1,1.6,12.0,59.0,40.0,66.0
"SHENGELIA, TORNIKE",2020,CSK,37.0,24.90945945945946,11.2,4.9,2.3,1.2,0.2,2.1,12.1,50.8,31.5,65.1
"LAMMERS, BEN",2020,BER,28.0,20.707738095238096,10.0,4.0,0.7,0.8,1.3,0.7,12.2,63.9,36.8,88.9
"LEDAY, ZACH",2020,MIL,36.0,24.683333333333334,10.0,4.5,0.6,0.6,0.3,0.9,12.2,48.6,46.6,91.8
"SIMON, KRUNOSLAV",2020,IST,35.0,26.613333333333333,10.3,3.1,3.3,0.5,0.3,1.2,12.2,55.7,40.3,76.9
"KALINIC, NIKOLA",2020,PAM,34.0,26.65882352941176,10.4,3.4,3.2,0.9,0.4,2.0,12.3,60.5,33.3,78.9
"PETERS, ALEC",2020,BAS,33.0,23.496464646464645,11.5,3.9,1.6,0.5,0.2,0.8,12.5,56.2,44.7,91.5
"GUDAITIS, ARTURAS",2020,DYR,31.0,20.09086021505377,9.7,4.0,0.7,0.4,0.6,0.9,12.8,60.1,0.0,76.6
"GIEDRAITIS, ROKAS",2020,BAS,34.0,28.840196078431376,12.7,3.0,1.5,1.1,0.1,1.1,12.9,54.7,40.5,82.4
"SLOUKAS, KOSTAS",2020,OLY,34.0,27.728431372549014,11.0,2.4,6.0,0.8,0.0,3.0,13.4,41.4,40.4,92.2
"THOMAS, WILL",2020,DYR,39.0,26.3965811965812,9.3,4.9,1.4,0.7,0.2,1.0,13.4,60.3,41.9,89.7
"BALDWIN IV, WADE",2020,MUN,39.0,27.291880341880344,15.3,3.0,4.0,1.1,0.3,2.8,13.4,48.8,28.5,76.1
"PAPAGIANNIS, GEORGIOS",2020,PAN,32.0,21.8828125,8.8,5.4,1.0,0.3,1.6,0.9,13.6,67.4,12.5,66.7
"WILBEKIN, SCOTTIE",2020,TEL,34.0,27.051470588235293,13.8,2.5,3.9,1.1,0.0,2.4,13.6,49.6,32.8,89.1
"DUBLJEVIC, BOJAN",2020,PAM,29.0,22.448850574712644,9.8,5.8,2.4,0.9,0.2,2.0,13.6,52.4,33.3,79.7
"GRIGONIS, MARIUS",2020,ZAL,34.0,27.633333333333333,13.4,2.1,3.3,0.8,0.1,2.3,13.7,50.6,45.6,94.4
"HIGGINS, CORY",2020,BAR,39.0,26.596581196581194,13.1,2.2,2.4,1.1,0.3,1.8,13.8,50.2,37.1,93.4
"DAVIES, BRANDON",2020,BAR,35.0,21.39333333333333,12.0,4.5,1.5,0.7,0.4,2.1,13.9,56.5,42.9,75.4
"SIKMA, LUKE",2020,BER,31.0,24.94032258064516,9.1,5.7,3.8,0.8,0.3,3.0,14.0,61.9,33.3,77.9
"PONITKA, MATEUSZ",2020,DYR,34.0,25.96764705882353,8.4,5.2,3.2,1.0,0.1,1.8,14.1,59.6,30.6,78.5
"FALL, MOUSTAPHA",2020,ASV,31.0,21.995698924731183,8.8,5.5,1.8,0.4,0.9,1.6,14.1,70.1,0.0,61.7
"CLYBURN, WILL",2020,CSK,31.0,26.266129032258064,14.0,3.8,1.5,0.8,0.2,1.6,14.3,52.0,36.4,79.6
"PANGOS, KEVIN",2020,DYR,39.0,28.952564102564104,13.5,2.0,6.7,0.7,0.0,2.9,14.8,52.2,39.0,84.5
"VEZENKOV, SASHA",2020,OLY,31.0,23.591397849462368,11.5,5.4,1.1,0.7,0.5,0.5,14.8,50.0,43.0,88.7
"NEDOVIC, NEMANJA",2020,PAN,25.0,26.093333333333334,16.0,1.9,3.7,0.7,0.2,1.9,14.9,51.2,37.0,83.5
"SHIELDS, SHAVON",2020,MIL,36.0,26.772685185185185,13.8,4.0,1.4,1.1,0.2,1.3,15.0,55.5,43.2,83.8
"REYNOLDS, JALEN",2020,MUN,39.0,21.105982905982906,13.6,5.8,1.1,1.1,0.5,2.0,15.5,59.8,50.0,87.2
"HENRY, PIERRIA",2020,BAS,34.0,26.79656862745098,10.5,3.2,7.3,1.7,0.1,2.9,16.0,51.0,32.9,81.4
"MICKEY, JORDAN",2020,KHI,28.0,28.87142857142857,15.6,5.8,0.9,1.1,1.5,2.0,16.5,59.0,23.9,77.7
"POLONARA, ACHILLE",2020,BAS,33.0,29.788888888888888,12.2,6.6,1.9,1.2,0.9,0.9,16.5,57.2,44.3,60.3
"LOYD, JORDAN",2020,RED,29.0,27.34942528735632,17.3,3.6,3.2,1.2,0.2,2.3,16.5,51.9,31.1,90.6
"LARKIN, SHANE",2020,IST,35.0,28.642857142857142,15.1,2.3,4.1,1.2,0.1,2.1,17.0,51.4,39.2,86.2
"MICIC, VASILIJE",2020,IST,40.0,29.992083333333333,16.7,2.6,4.9,1.2,0.0,3.1,17.5,56.3,38.9,86.5
"LUCIC, VLADIMIR",2020,MUN,31.0,31.144086021505377,13.6,4.8,1.4,1.1,0.1,1.2,17.8,58.7,44.1,86.4
"VESELY, JAN",2020,ULK,31.0,28.13978494623656,13.1,5.3,2.7,0.9,0.6,1.4,18.0,67.6,0.0,76.6
"TAVARES, WALTER",2020,MAD,36.0,26.022685185185185,11.4,8.0,1.1,1.0,1.8,1.9,18.1,65.1,0.0,71.6
"DE COLO, NANDO",2020,ULK,32.0,27.5078125,15.8,3.2,3.9,1.4,0.0,3.0,18.8,58.5,40.3,93.6
"MIROTIC, NIKOLA",2020,BAR,33.0,25.86060606060606,15.6,5.9,1.0,1.2,0.5,1.6,19.5,59.3,41.3,84.8
"SHVED, ALEXEY",2020,KHI,23.0,32.53913043478261,19.8,3.7,7.7,1.3,0.4,4.3,19.6,45.5,33.3,89.9
"JAMES, MIKE",2020,CSK,27.0,31.180864197530862,19.3,3.1,5.7,1.0,0.1,2.9,19.7,51.1,35.4,81.4
"GRANT, JERIAN",2021,MIL,26.0,12.396153846153847,2.8,0.7,0.7,0.3,0.1,0.6,1.6,38.5,24.3,88.9
"MARINKOVIC, VANJA",2021,BAS,26.0,13.33974358974359,3.4,0.9,0.6,0.2,0.0,0.2,1.7,39.1,32.9,100.0
"MATTISSECK, JONAS",2021,BER,26.0,13.727564102564104,2.4,1.3,0.5,0.5,0.0,0.3,1.8,53.3,34.1,83.3
"DELOW, MALTE",2021,BER,30.0,14.224444444444446,2.9,1.9,0.6,0.4,0.0,0.4,1.9,38.8,40.6,84.6
"WEBSTER, TAI",2021,ZAL,21.0,12.55873015873016,4.0,0.9,1.6,0.3,0.1,1.1,2.0,39.3,22.2,73.9
"BRANTLEY, JARRELL",2021,UNK,23.0,12.979710144927536,3.3,1.6,0.5,0.9,0.1,0.6,2.0,39.7,14.3,68.4
"TAYLOR, JEFFERY",2021,MAD,23.0,13.07536231884058,3.3,1.2,0.7,0.3,0.1,0.6,2.1,57.1,40.5,75.0
"LAZIC, BRANKO",2021,RED,25.0,16.227333333333334,3.7,1.0,0.4,0.3,0.1,0.5,2.2,45.5,34.0,86.4
"STRAZEL, MATTHEW",2021,ASV,30.0,15.276111111111112,3.4,0.7,1.9,0.3,0.0,1.3,2.3,28.0,32.7,82.6
"LAZAREVIC, STEFAN",2021,RED,21.0,12.445238095238096,2.8,1.4,0.5,0.5,0.0,0.2,2.3,69.0,36.4,85.7
"MARKOVIC, STEFAN",2021,RED,21.0,12.755555555555556,2.6,1.5,1.9,0.5,0.0,1.1,2.6,53.8,27.0,71.4
"RICCI, GIAMPAOLO",2021,MIL,36.0,12.351851851851851,3.2,2.2,0.4,0.4,0.1,0.4,3.0,63.2,36.2,50.0
"SISKO, ZAN MARK",2021,MUN,27.0,17.795061728395062,4.3,1.3,2.9,0.6,0.0,1.0,3.2,45.3,36.1,66.7
"DIBARTOLOMEO, JOHN",2021,TEL,30.0,13.200555555555557,3.9,1.2,1.2,0.7,0.0,0.5,3.3,44.8,32.4,90.0
"HAZER, SEHMUS",2021,ULK,25.0,12.423333333333332,4.8,1.1,1.1,0.8,0.0,0.9,3.4,60.8,31.7,64.3
"OUATTARA, YAKUBA",2021,MCO,30.0,14.18388888888889,4.1,1.9,0.3,0.3,0.0,0.2,3.6,50.0,50.0,72.7
"HAYES-DAVIS, NIGEL",2021,BAR,37.0,18.957207207207205,4.2,2.1,0.8,0.5,0.1,0.8,4.0,42.2,24.4,80.0
"KASELAKIS, LEONIDAS",2021,PAN,31.0,15.324193548387097,3.7,2.0,0.9,0.2,0.0,0.4,4.0,42.6,35.0,72.4
"KAHUDI, CHARLES",2021,ASV,26.0,19.90897435897436,4.9,2.7,0.6,0.2,0.2,0.7,4.0,50.0,29.2,68.2
"SINGLETON, CHRIS",2021,IST,36.0,17.455092592592592,3.9,2.8,0.4,0.8,0.2,0.5,4.1,47.1,22.7,82.1
"WESTERMANN, LEO",2021,MCO,22.0,16.73409090909091,4.8,1.5,2.5,0.3,0.1,1.4,4.1,41.2,31.6,88.5
"DATOME, LUIGI",2021,MIL,26.0,15.319230769230767,7.0,1.4,0.3,0.5,0.2,0.3,4.4,50.0,39.0,86.7
"ANDERSON, JAMES",2021,IST,28.0,13.586904761904762,3.1,2.8,0.5,0.5,0.1,0.4,4.5,54.8,45.5,90.9
"BENTIL, BENJAMIN",2021,MIL,23.0,15.63840579710145,5.6,2.4,0.2,0.7,0.1,0.8,4.5,49.1,40.8,61.9
"ZUBKOV, ANDREY",2021,DYR,22.0,19.20378787878788,4.3,3.6,0.7,0.5,0.1,0.7,4.5,42.6,36.4,35.3
"KURBANOV, NIKITA",2021,CSK,24.0,18.334027777777777,4.1,2.3,1.0,0.2,0.2,0.6,4.6,60.0,36.8,66.7
"KUZMINSKAS, MINDAUGAS",2021,DYR,22.0,12.478030303030302,5.0,2.0,0.3,0.4,0.1,0.5,4.8,46.3,37.1,87.5
"SMITS, ROLANDS",2021,BAR,36.0,14.862962962962964,4.4,3.1,0.6,0.4,0.1,0.7,4.8,65.8,19.6,92.0
"GIST, JAMES",2021,ASV,28.0,21.62142857142857,6.0,2.5,0.6,0.6,0.6,1.0,4.8,54.3,18.5,53.3
"MILAKNIS, ARTURAS",2021,ZAL,31.0,20.156989247311827,7.3,0.9,0.6,0.5,0.1,0.3,4.9,48.3,41.6,93.1
"GIFFEY, NIELS",2021,ZAL,28.0,16.361309523809524,5.6,2.7,0.8,0.6,0.1,0.8,5.1,50.8,34.5,88.2
"JARAMAZ, OGNJEN",2021,MUN,36.0,16.232407407407408,6.8,1.5,1.1,0.6,0.1,1.0,5.1,48.5,35.3,75.5
"LACOMBE, PAUL",2021,ASV,25.0,15.279333333333334,5.5,2.3,1.3,0.9,0.2,1.0,5.1,54.2,32.0,90.0
"BRYANT, ELIJAH",2021,IST,36.0,18.838425925925925,5.3,2.9,1.2,0.6,0.1,0.9,5.2,51.0,36.8,81.0
"CALOIARO, ANGELO",2021,TEL,35.0,19.734761904761907,3.3,3.1,1.3,0.6,0.0,0.4,5.4,51.9,32.5,91.3
"HOLLINS, AUSTIN",2021,RED,28.0,20.660119047619048,8.1,1.9,1.0,1.0,0.1,1.0,5.4,53.4,31.2,82.4
"ABALDE, ALBERTO",2021,MAD,30.0,18.780555555555555,6.0,3.0,1.5,0.5,0.0,1.1,5.4,44.4,33.8,75.0
"SANLI, SERTAC",2021,BAR,32.0,15.1265625,6.5,3.3,0.7,0.2,0.4,1.0,5.4,53.2,35.7,77.5
"STRELNIEKS, JANIS",2021,ZAL,23.0,20.45072463768116,6.5,1.7,1.8,0.7,0.1,1.0,5.6,48.0,33.7,85.7
"WILLIAMS-GOSS, NIGEL",2021,MAD,29.0,16.56609195402299,5.8,2.1,2.4,0.3,0.0,1.1,5.6,44.3,30.4,85.7
"ANDJUSIC, DANILO",2021,MCO,30.0,16.269444444444442,7.7,1.3,0.9,0.3,0.0,1.2,6.1,41.5,42.5,87.3
"OSETKOWSKI, DYLAN",2021,ASV,26.0,19.355128205128207,6.0,3.1,0.6,1.0,0.3,0.9,6.2,40.2,31.2,81.1
"BLATT, TAMIR",2021,BER,30.0,15.020555555555555,5.0,1.3,3.5,0.3,0.0,1.7,6.3,46.2,36.0,100.0
"LLULL, SERGIO",2021,MAD,36.0,19.761574074074076,8.8,1.7,2.8,0.5,0.0,1.2,6.4,36.5,30.6,70.1
"MARTIN, HASSAN",2021,OLY,31.0,14.147311827956988,5.5,3.0,0.2,0.3,0.5,0.6,6.5,64.4,0.0,70.4
"HANGA, ADAM",2021,MAD,31.0,18.86021505376344,5.8,3.1,1.7,0.6,0.4,0.7,6.6,52.6,29.6,77.3
"PAPANIKOLAOU, KOSTAS",2021,OLY,37.0,23.416666666666664,6.6,3.0,1.6,0.9,0.2,1.1,6.6,55.6,33.1,75.8
"SMITH, JALEEN",2021,BER,33.0,21.042424242424243,8.3,2.2,2.3,0.8,0.1,1.5,6.6,41.2,31.7,93.3
"CAUSEUR, FABIEN",2021,MAD,28.0,20.065476190476197,8.5,1.6,1.4,0.4,0.1,1.1,6.7,57.9,43.2,69.2
"SPISSU, MARCO",2021,UNK,25.0,14.406666666666668,5.1,1.6,2.6,0.5,0.0,1.2,6.7,51.6,52.9,87.5
"CANAAN, ISAIAH",2021,UNK,24.0,23.928472222222226,11.8,1.8,1.3,0.5,0.2,1.6,6.9,40.9,41.0,81.6
"ZOOSMAN, YOVEL",2021,BER,31.0,21.1510752688172,7.0,3.0,1.2,0.8,0.1,1.2,6.9,44.2,44.4,69.4
"LEE, PARIS",2021,MCO,36.0,19.4662037037037,7.2,1.4,2.4,1.1,0.0,1.0,7.0,47.4,35.3,86.3
"EVANS, JEREMY",2021,PAN,32.0,16.1984375,5.5,3.0,0.3,0.4,0.5,0.7,7.0,62.5,50.0,75.8
"ANTETOKOUNMPO, KOSTAS",2021,ASV,26.0,13.134615384615383,5.8,2.6,0.3,0.5,0.7,0.8,7.1,71.8,40.0,54.8
"OLINDE, LOUIS",2021,BER,24.0,17.76875,5.3,3.6,0.7,0.3,0.4,0.6,7.2,51.7,35.7,85.2
"KURIC, KYLE",2021,BAR,37.0,20.12837837837838,7.9,2.0,0.8,0.5,0.0,0.5,7.3,53.6,40.0,91.2
"DOBRIC, OGNJEN",2021,RED,29.0,22.59885057471264,10.3,1.9,1.3,0.7,0.1,1.3,7.3,45.3,35.7,74.5
"HOWARD, WILLIAM",2021,ASV,21.0,22.652380952380952,6.1,3.5,0.7,1.0,0.2,0.4,7.3,46.4,43.2,82.6
"DAVIDOVAC, DEJAN",2021,RED,28.0,18.571428571428573,5.0,3.3,0.9,0.8,0.2,0.3,7.3,53.8,35.2,70.0
"JOKUBAITIS, ROKAS",2021,BAR,37.0,16.77972972972973,7.1,1.6,2.6,0.4,0.0,1.7,7.4,56.1,56.8,71.4
"LAMMERS, BEN",2021,BER,24.0,17.306944444444444,6.8,3.2,0.8,0.6,0.9,0.6,7.5,47.3,10.0,84.0
"FERNANDEZ, RUDY",2021,MAD,34.0,18.50686274509804,6.0,3.0,2.0,0.9,0.2,0.4,7.5,50.0,32.7,76.9
"MCKISSIC, SHAQUIELLE",2021,OLY,37.0,16.527477477477476,7.0,1.9,1.5,0.9,0.1,0.6,7.5,56.2,31.6,72.2
"WALKUP, THOMAS",2021,OLY,37.0,22.36261261261261,6.3,2.3,2.7,1.1,0.1,1.3,7.5,53.5,29.7,73.9
"FALL, YOUSSOUPHA",2021,ASV,28.0,12.622619047619049,5.8,3.6,0.1,0.3,0.1,0.9,7.6,70.5,0.0,72.5
"BOLOMBOY, JOEL",2021,CSK,23.0,15.752173913043478,5.9,4.1,0.3,0.3,0.7,0.5,7.7,60.0,26.1,75.0
"SIMON, KRUNOSLAV",2021,IST,27.0,21.182098765432094,6.9,2.8,2.6,0.5,0.1,1.4,7.7,52.6,27.4,92.6
"DELANEY, MALCOLM",2021,MIL,28.0,24.22440476190476,9.4,2.5,2.8,0.4,0.0,1.7,7.8,43.0,32.8,70.6
"REYNOLDS, JALEN",2021,TEL,35.0,16.485238095238095,8.9,4.6,0.9,0.4,0.3,1.7,7.9,53.1,25.0,84.6
"THOMAS, DESHAUN",2021,MUN,36.0,22.83101851851852,9.6,3.2,0.8,0.3,0.2,1.0,7.9,50.3,40.0,70.2
"GRANGER, JAYSON",2021,BAS,30.0,22.924444444444443,7.3,2.0,3.9,0.6,0.0,1.6,8.0,38.6,30.8,79.5
"LUNDBERG, IFFE",2021,CSK,24.0,21.118055555555557,9.1,2.4,2.0,0.9,0.0,1.6,8.0,52.8,33.8,83.3
"EXUM, DANTE",2021,BAR,25.0,16.970666666666666,6.3,2.5,1.6,0.5,0.3,1.0,8.1,50.7,54.5,84.9
"THIEMANN, JOHANNES",2021,BER,23.0,18.64927536231884,6.9,3.5,1.7,0.6,0.0,1.4,8.2,53.9,30.8,60.0
"SEDEKERSKIS, TADAS",2021,BAS,27.0,18.016666666666666,4.8,4.4,1.4,0.4,0.3,0.5,8.2,63.6,35.4,50.0
"KUZMIC, OGNJEN",2021,RED,33.0,17.648989898989896,5.4,5.1,0.4,0.5,0.3,0.6,8.2,56.7,0.0,60.0
"BEAUBOIS, RODRIGUE",2021,IST,35.0,22.20047619047619,9.2,2.0,1.9,0.5,0.3,0.7,8.3,50.4,39.6,66.7
"IVANOVIC, NIKOLA",2021,RED,27.0,15.352469135802467,7.6,1.6,2.4,0.5,0.0,1.1,8.5,41.7,33.8,78.3
"SANT-ROOS, HOWARD",2021,PAN,31.0,23.470430107526884,7.2,3.1,2.0,1.2,0.2,1.3,8.5,52.3,25.3,82.1
"KOUMADJE, KHALIFA",2021,BER,21.0,12.381746031746031,6.0,4.3,0.0,0.1,0.6,1.0,8.7,70.4,0.0,65.8
"WHITE, OKARO",2021,PAN,29.0,23.044827586206896,8.4,3.7,0.8,0.9,0.3,1.2,8.8,48.2,39.2,82.5
"HACKETT, DANIEL",2021,CSK,22.0,21.547727272727272,8.5,1.9,2.6,0.8,0.0,1.0,9.0,48.1,40.3,78.6
"HALL, DEVON",2021,MIL,36.0,27.05555555555556,9.9,2.1,2.2,0.6,0.2,1.1,9.0,48.7,37.1,78.7
"POLONARA, ACHILLE",2021,ULK,30.0,22.351666666666667,7.3,4.3,1.1,0.7,0.5,0.4,9.0,61.0,30.2,60.0
"WILLIAMS, DERRICK",2021,TEL,35.0,24.58380952380952,9.4,3.1,0.9,0.9,0.1,1.2,9.1,47.9,37.8,71.1
"RODRIGUEZ, SERGIO",2021,MIL,34.0,20.19950980392157,8.3,2.3,4.5,0.7,0.1,2.3,9.1,58.3,31.8,76.0
"WEILER-BABB, NICK",2021,MUN,29.0,26.23390804597701,6.2,4.2,2.9,1.1,0.2,1.3,9.2,52.2,29.2,87.5
"HENRY, PIERRIA",2021,ULK,28.0,28.7125,7.9,3.4,4.2,1.8,0.1,2.4,9.6,42.7,33.3,73.2
"HEURTEL, THOMAS",2021,MAD,27.0,19.3462962962963,9.0,2.4,4.6,0.6,0.0,1.9,9.7,43.8,40.0,85.7
"DA SILVA, OSCAR",2021,BER,33.0,18.42878787878788,8.8,3.5,0.8,0.9,0.6,0.9,9.7,62.4,25.6,71.7
"GUDURIC, MARKO",2021,ULK,28.0,20.52380952380952,10.2,2.2,2.8,0.8,0.1,2.0,9.8,55.6,36.2,81.7
"LAPROVITTOLA, NICOLAS",2021,BAR,38.0,20.44561403508772,9.6,1.8,3.1,0.7,0.0,1.6,9.8,54.3,44.0,88.2
"POYTHRESS, ALEX",2021,DYR,23.0,20.171014492753624,7.7,4.2,0.9,0.7,0.6,1.0,9.8,64.0,0.0,76.6
"BARON, BILLY",2021,DYR,23.0,20.423188405797102,11.2,1.7,2.2,0.2,0.0,1.3,9.9,54.0,35.7,83.6
"SHVED, ALEXEY",2021,CSK,24.0,25.00625,11.0,2.6,3.6,1.1,0.4,1.6,10.0,48.1,32.5,87.8
"DUNSTON, BRYANT",2021,IST,37.0,17.953153153153153,7.1,3.2,0.9,0.8,1.0,0.6,10.0,72.0,50.0,69.7
"CAVANAUGH, TYLER",2021,ZAL,30.0,25.808888888888887,9.7,5.1,1.5,0.5,0.2,1.0,10.0,54.1,37.8,76.7
"MICKEY, JORDAN",2021,DYR,22.0,25.375,10.5,4.3,0.8,0.5,0.9,1.6,10.1,58.0,35.7,80.0
"WALDEN, COREY",2021,MUN,25.0,22.39,9.8,1.8,2.5,1.0,0.0,1.5,10.1,46.8,42.5,89.2
"HUNTER, OTHELLO",2021,MUN,35.0,21.21761904761905,7.7,5.0,1.1,0.6,0.5,1.0,10.2,57.5,37.5,61.6
"EVANS, KEENAN",2021,TEL,33.0,25.21212121212121,8.2,2.5,3.5,1.2,0.2,1.3,10.2,51.5,32.9,87.9
"THOMAS, WILL",2021,MCO,35.0,27.41238095238095,7.5,4.2,1.1,0.6,0.1,0.4,10.3,64.2,40.8,86.2
"DORSEY, TYLER",2021,OLY,38.0,24.16754385964912,12.8,2.3,2.0,0.5,0.1,1.8,10.3,51.7,37.4,78.1
"DAVIES, BRANDON",2021,BAR,36.0,19.90277777777778,9.9,3.7,1.6,0.6,0.3,1.7,10.3,54.5,25.0,68.0
"WOLTERS, NATE",2021,RED,31.0,23.703225806451613,10.9,2.6,3.6,0.7,0.1,1.5,10.5,55.3,35.9,62.5
"BACON, DWAYNE",2021,MCO,29.0,25.29655172413793,14.0,3.1,1.1,1.0,0.0,1.2,10.6,46.1,41.9,80.3
"MITROVIC, LUKA",2021,RED,31.0,19.94516129032258,8.3,4.3,1.7,0.6,0.2,1.7,10.6,59.7,0.0,68.0
"ENOCH, STEVEN",2021,BAS,32.0,20.38020833333333,9.5,5.6,0.8,0.2,0.4,1.3,10.7,57.1,37.5,82.0
"MOERMAN, ADRIEN",2021,IST,40.0,24.74125,8.4,5.3,0.6,0.4,0.5,0.8,10.7,58.1,41.5,71.4
"MOTIEJUNAS, DONATAS",2021,MCO,38.0,19.09122807017544,9.7,4.6,0.7,0.5,0.3,1.0,10.8,63.5,32.7,44.7
"BOOKER, DEVIN",2021,ULK,29.0,24.317241379310342,9.1,4.4,1.6,0.7,0.2,1.4,10.9,61.7,36.8,76.2
"LEKAVICIUS, LUKAS",2021,ZAL,32.0,23.763541666666665,10.2,1.3,4.2,0.7,0.0,2.1,10.9,48.9,34.1,87.8
"PAPAPETROU, IOANNIS",2021,PAN,23.0,29.065942028985507,12.0,3.2,2.5,0.4,0.1,1.5,11.0,53.2,25.2,80.0
"ULANOVAS, EDGARAS",2021,ZAL,32.0,27.476041666666667,8.1,4.3,2.1,0.8,0.2,1.2,11.2,49.2,34.7,78.9
"PLEISS, TIBOR",2021,IST,40.0,18.06375,9.6,4.3,0.6,0.4,0.5,0.7,11.2,59.8,44.2,89.1
"PIERRE, DYSHAWN",2021,ULK,28.0,27.77142857142857,8.3,4.4,2.0,1.0,0.4,1.2,11.4,55.2,31.2,82.9
"FONTECCHIO, SIMONE",2021,BAS,31.0,26.458064516129035,11.0,4.4,2.4,0.9,0.2,1.7,11.5,45.3,40.2,85.7
"DIALLO, ALPHA",2021,MCO,34.0,24.61176470588235,9.6,4.8,1.7,1.4,0.3,1.4,11.5,53.7,38.2,73.2
"MACON JR, DARYL",2021,PAN,31.0,25.88010752688172,13.1,2.2,3.6,0.7,0.1,2.2,11.6,53.3,33.3,87.1
"COSTELLO, MATTHEW",2021,BAS,27.0,21.88456790123457,9.1,5.1,1.3,0.4,0.9,1.1,11.7,60.3,32.3,79.2
"KALINIC, NIKOLA",2021,RED,32.0,30.063020833333333,12.6,3.9,3.4,1.0,0.1,2.7,11.7,51.8,27.6,71.7
"POIRIER, VINCENT",2021,MAD,37.0,17.97432432432432,7.4,5.5,0.9,0.8,0.9,1.3,11.7,58.5,16.7,76.8
"HINES, KYLE",2021,MIL,36.0,23.79537037037037,8.0,5.3,1.8,0.7,0.7,1.2,11.8,62.7,100.0,65.8
"GIEDRAITIS, ROKAS",2021,BAS,29.0,28.754597701149425,11.1,3.2,1.3,1.0,0.1,1.0,11.8,52.6,39.8,80.6
"CALATHES, NICK",2021,BAR,29.0,24.51494252873563,7.3,4.0,6.4,1.1,0.1,1.9,11.8,57.1,31.7,45.0
"JEKIRI, TONYE",2021,UNK,24.0,24.53680555555556,7.6,6.5,1.0,1.0,0.6,1.2,12.2,63.1,0.0,62.2
"BROWN III, JOHN",2021,UNK,25.0,30.790666666666667,10.3,4.8,1.2,2.8,0.1,1.0,12.5,51.0,13.3,60.0
"HALL, DONTA",2021,MCO,35.0,18.47523809523809,8.3,5.1,0.3,0.6,1.1,0.6,12.6,77.5,0.0,72.1
"NEBO, JOSH",2021,ZAL,28.0,22.60059523809524,8.8,6.2,0.5,0.6,0.8,1.2,12.8,65.0,0.0,67.2
"RUBIT, AUGUSTINE",2021,MUN,36.0,25.425925925925927,10.5,4.9,1.4,0.6,0.3,1.1,12.8,50.9,35.6,86.7
"FALL, MOUSTAPHA",2021,OLY,37.0,22.945045045045045,8.2,5.1,1.1,0.4,1.0,1.1,13.2,70.3,0.0,61.3
"NEDOVIC, NEMANJA",2021,PAN,26.0,23.59423076923077,14.3,2.2,3.2,0.5,0.1,2.2,13.2,53.0,38.6,85.3
"MELLI, NICOLO",2021,MIL,32.0,25.0015625,8.1,6.7,1.3,1.1,0.4,1.1,13.4,52.3,29.2,79.2
"YABUSELE, GUERSCHON",2021,MAD,36.0,27.59398148148148,11.9,4.8,1.5,1.0,0.2,1.5,13.5,57.3,40.2,78.9
"OKOBO, ELIE",2021,ASV,27.0,27.55555555555556,14.5,2.8,3.9,0.7,0.1,3.1,13.5,51.5,36.8,82.7
"SIKMA, LUKE",2021,BER,29.0,23.78908045977012,9.0,6.3,3.5,1.2,0.2,2.1,14.1,50.6,35.7,81.8
"DE COLO, NANDO",2021,ULK,21.0,22.114285714285717,11.9,2.2,3.8,1.3,0.2,2.5,14.1,60.6,31.6,87.1
"SHIELDS, SHAVON",2021,MIL,24.0,29.815972222222225,13.0,4.0,2.8,1.1,0.4,1.7,14.2,49.1,34.7,78.7
"LUCIC, VLADIMIR",2021,MUN,32.0,30.066666666666663,12.1,4.2,1.5,0.7,0.2,1.1,14.2,53.7,33.3,88.1
"HEZONJA, MARIO",2021,UNK,25.0,29.63133333333333,14.2,6.1,1.8,1.2,0.3,2.3,14.3,52.4,34.9,77.8
"LOYD, JORDAN",2021,DYR,23.0,27.231884057971016,13.2,4.0,3.9,1.0,0.1,2.2,14.4,49.7,34.7,83.3
"JONES, CHRIS",2021,ASV,31.0,27.52795698924731,13.1,3.2,3.6,1.5,0.1,1.9,14.7,53.7,39.0,82.1
"SLOUKAS, KOSTAS",2021,OLY,37.0,24.896396396396398,11.9,2.6,5.0,0.8,0.0,2.2,14.8,48.8,41.8,84.8
"LO, MAODO",2021,BER,33.0,24.16868686868687,13.3,2.3,3.7,0.8,0.0,2.1,14.8,50.0,44.4,83.5
"NUNNALLY, JAMES",2021,TEL,32.0,28.490104166666665,13.8,3.9,2.6,0.6,0.2,1.7,15.1,50.3,40.7,89.8
"WILBEKIN, SCOTTIE",2021,TEL,35.0,29.02714285714286,15.4,2.1,4.1,1.5,0.0,2.0,15.1,47.2,37.9,94.1
"BALDWIN IV, WADE",2021,BAS,30.0,28.050555555555555,14.1,3.6,4.4,1.1,0.2,2.7,15.5,51.0,34.0,81.2
"ZIZIC, ANTE",2021,TEL,31.0,21.09032258064516,12.2,5.0,0.6,0.5,0.8,1.1,15.5,66.7,0.0,73.0
"BROWN, LORENZO",2021,UNK,24.0,29.3625,13.8,3.6,6.1,1.5,0.2,2.9,17.3,57.2,32.2,85.7
"PAPAGIANNIS, GEORGIOS",2021,PAN,29.0,28.41149425287356,10.3,8.2,0.9,0.8,1.7,1.3,17.4,64.3,0.0,73.7
"MICIC, VASILIJE",2021,IST,34.0,30.205392156862747,18.2,2.7,4.6,1.1,0.0,2.9,17.5,58.2,33.9,85.4
"VEZENKOV, SASHA",2021,OLY,38.0,30.191666666666663,13.7,5.9,1.5,1.0,0.2,0.8,17.8,66.5,37.0,83.3
"JAMES, MIKE",2021,MCO,38.0,31.18684210526316,16.4,3.2,5.8,1.2,0.1,2.5,18.1,49.4,31.3,83.3
"VESELY, JAN",2021,ULK,22.0,28.50075757575757,13.6,6.1,2.5,1.1,0.4,2.0,18.2,63.1,33.3,73.3
"TAVARES, WALTER",2021,MAD,35.0,22.97809523809524,10.9,7.5,1.0,0.9,1.7,1.8,18.4,69.5,0.0,73.7
"LARKIN, SHANE",2021,IST,39.0,31.89358974358974,14.7,3.0,5.3,1.3,0.0,2.4,18.7,51.2,38.2,89.8
"MIROTIC, NIKOLA",2021,BAR,38.0,24.43245614035088,16.9,5.2,1.4,0.9,0.3,1.7,20.1,65.5,46.3,87.6
"LAZIC, BRANKO",2022,RED,25.0,18.412,2.7,1.2,0.6,0.6,0.0,0.5,1.4,41.2,50.0,60.0
"MANTZOUKAS, ELEFTHERIOS",2022,PAN,21.0,12.61904761904762,3.1,1.7,0.4,0.1,0.1,0.5,1.6,57.9,41.9,80.0
"LAZAREVIC, STEFAN",2022,RED,30.0,17.905555555555555,2.7,2.8,0.5,0.3,0.0,0.3,2.5,50.0,33.3,81.2
"MARKOVIC, STEFAN",2022,RED,29.0,16.377011494252873,2.2,1.8,2.0,0.5,0.1,0.7,2.8,43.8,32.6,75.0
"ABALDE, ALBERTO",2022,MAD,24.0,14.375694444444443,2.6,2.1,1.6,0.3,0.0,0.6,2.9,37.0,25.0,66.7
"DIOT, ANTOINE",2022,ASV,25.0,12.919333333333334,3.3,1.0,1.4,0.5,0.0,0.7,2.9,47.1,36.4,100.0
"CAUSEUR, FABIEN",2022,MAD,29.0,12.661494252873563,4.0,1.1,1.2,0.4,0.1,0.7,3.1,40.0,36.4,77.3
"DA SILVA, OSCAR",2022,BAR,27.0,12.238888888888887,2.9,2.6,0.2,0.3,0.1,0.4,3.1,53.7,30.0,64.0
"COHEN, JAKE",2022,TEL,27.0,12.19567901234568,3.0,1.8,1.1,0.2,0.0,0.6,3.1,62.5,26.5,81.2
"DELOW, MALTE",2022,BER,25.0,14.316,3.9,2.0,1.0,0.6,0.1,1.0,3.1,65.0,36.8,57.1
"DIMSA, TOMAS",2022,ZAL,36.0,15.827777777777776,5.9,1.1,0.9,0.5,0.1,0.9,3.1,44.3,34.2,72.2
"PONS, YVES",2022,ASV,30.0,14.372222222222224,3.7,1.8,0.3,0.5,0.4,0.5,3.1,62.0,32.4,46.2
"CANAAN, ISAIAH",2022,OLY,39.0,16.104700854700855,6.3,1.0,0.9,0.6,0.1,0.8,3.4,40.5,38.2,66.7
"PRADILLA, JAIME",2022,PAM,30.0,13.360555555555557,3.9,2.1,0.6,0.2,0.1,0.7,3.7,56.6,38.1,42.9
"RADEBAUGH, JONAH",2022,PAM,34.0,17.295098039215684,5.7,1.6,1.4,0.7,0.2,0.9,4.0,49.4,35.0,95.5
"TAYLOR, ISAIAH",2022,IST;ZAL,26.0,14.262820512820513,5.7,0.8,1.6,0.5,0.0,1.0,4.0,47.4,45.5,72.2
"PROCIDA, GABRIELE",2022,BER,27.0,14.569135802469136,5.7,1.8,0.5,0.5,0.3,0.9,4.0,61.0,24.1,75.8
"HANGA, ADAM",2022,MAD,27.0,13.376543209876544,4.2,1.8,1.7,0.6,0.2,1.0,4.1,38.9,36.2,72.4
"HILLIARD, DARRUN",2022,TEL,32.0,13.475520833333333,5.6,1.4,1.1,0.3,0.0,0.6,4.1,32.6,44.7,96.2
"BLOSSOMGAME, JARON",2022,MCO,38.0,17.351315789473684,5.1,2.7,0.2,0.3,0.2,0.3,4.4,58.5,25.0,55.6
"PETERS, ALEC",2022,OLY,37.0,13.230630630630632,4.6,2.5,0.4,0.4,0.1,0.6,4.5,44.3,41.1,96.4
"ADAMS, JALEN",2022,TEL,23.0,15.849275362318842,6.7,1.4,1.3,0.6,0.1,1.0,4.7,47.4,35.7,84.6
"KURIC, KYLE",2022,BAR,22.0,13.59772727272727,5.0,1.2,0.5,0.7,0.0,0.4,4.7,43.8,43.6,90.9
"PUERTO, JOSEP",2022,PAM,33.0,16.07323232323232,4.4,2.2,0.5,0.3,0.0,0.6,4.7,55.8,49.1,83.3
"MITROU-LONG, NAZ",2022,MIL,21.0,17.552380952380954,7.4,2.0,2.0,0.4,0.0,1.8,4.7,40.9,35.2,92.9
"LARENTZAKIS, GIANNOULIS",2022,OLY,41.0,14.408130081300811,6.4,1.8,1.0,0.5,0.0,1.0,4.8,48.4,37.4,72.9
"PAJOLA, ALESSANDRO",2022,VIR,29.0,16.68448275862069,3.1,1.8,2.5,1.2,0.0,0.8,4.9,50.0,32.4,73.3
"EDWARDS, CARSEN",2022,ULK,34.0,15.36176470588235,8.0,1.3,1.1,0.6,0.1,1.0,4.9,44.6,34.2,86.4
"NOUA, AMINE",2022,ASV,30.0,19.74388888888889,6.5,3.0,0.8,0.3,0.2,1.0,4.9,50.0,34.1,70.0
"MADAR, YAM",2022,PAR,38.0,13.40438596491228,5.8,1.2,1.6,0.6,0.2,0.8,5.0,52.8,33.8,87.5
"JARAMAZ, OGNJEN",2022,MUN,25.0,15.617333333333333,6.4,1.2,1.5,0.3,0.0,1.2,5.0,45.2,32.8,88.5
"PAPAPETROU, IOANNIS",2022,PAR,38.0,20.610526315789475,5.4,2.3,0.9,0.4,0.2,0.7,5.1,43.9,36.8,72.2
"LLULL, SERGIO",2022,MAD,29.0,16.75287356321839,6.1,1.2,2.4,0.3,0.0,1.0,5.1,32.8,29.4,91.3
"ANDJUSIC, DANILO",2022,PAR,26.0,13.099358974358974,6.5,1.0,1.2,0.3,0.1,1.3,5.1,52.4,42.4,85.7
"SANLI, SERTAC",2022,BAR,36.0,17.164814814814815,6.2,3.1,1.0,0.3,0.5,1.0,5.1,60.4,26.5,85.7
"CLAVER, VICTOR",2022,PAM,30.0,17.71055555555556,4.8,2.6,0.9,0.8,0.1,0.9,5.2,56.4,41.3,81.5
"AVRAMOVIC, ALEKSA",2022,PAR,23.0,14.021014492753624,6.3,1.9,1.6,0.6,0.2,1.0,5.4,53.4,33.3,68.8
"ENOCH, STEVEN",2022,BAS,24.0,12.9375,5.1,2.9,0.2,0.2,0.4,0.7,5.5,61.3,33.3,63.6
"KAHUDI, CHARLES",2022,ASV,29.0,18.822988505747126,6.2,2.5,0.4,0.4,0.1,0.7,5.6,47.8,35.1,89.5
"TONUT, STEFANO",2022,MIL,24.0,15.177777777777775,4.5,2.0,1.0,0.5,0.0,0.5,5.6,62.5,38.7,68.8
"MARTIN, HASSAN",2022,RED,23.0,14.221014492753625,4.9,3.0,0.4,0.5,0.4,0.8,5.7,58.2,0.0,67.7
"WEEMS, KYLE",2022,VIR,29.0,18.19712643678161,6.2,2.8,0.9,0.7,0.1,0.7,5.7,52.8,40.3,75.0
"MARTIN, JARELL",2022,TEL,38.0,19.31140350877193,7.2,3.5,0.5,0.5,0.2,0.6,5.8,52.3,32.8,87.2
"OBASOHAN, RETIN",2022,ASV,34.0,21.690686274509805,6.9,1.6,2.2,1.1,0.1,1.6,5.9,47.3,21.9,79.7
"LUWAWU-CABARROT, TIMOTHE",2022,MIL,24.0,21.535416666666663,9.4,2.6,1.1,0.6,0.1,1.8,6.0,51.2,33.3,82.4
"TOBEY, MIKE",2022,BAR,31.0,13.93763440860215,5.9,2.9,0.5,0.2,0.2,0.4,6.0,72.6,41.2,100.0
"WETZELL, YANNI",2022,BER,31.0,12.66505376344086,6.5,2.8,0.5,0.3,0.4,0.8,6.2,51.9,0.0,70.7
"LEKAVICIUS, LUKAS",2022,ZAL,32.0,15.8859375,6.9,1.1,1.5,0.3,0.1,1.5,6.2,52.7,38.8,91.8
"ABRINES, ALEX",2022,BAR,35.0,17.576666666666664,7.4,2.0,0.9,0.6,0.1,0.6,6.4,39.1,47.8,85.3
"MARINKOVIC, VANJA",2022,BAS,34.0,19.862745098039216,9.1,1.6,1.1,0.5,0.0,0.6,6.4,50.6,40.3,81.0
"DIBARTOLOMEO, JOHN",2022,TEL,39.0,16.884615384615383,6.2,1.9,1.1,0.8,0.0,0.5,6.4,40.0,41.7,98.2
"BROWN III, JOHN",2022,MCO,41.0,22.40772357723577,5.4,3.5,0.8,1.1,0.2,0.7,6.5,48.9,37.5,68.2
"VOIGTMANN, JOHANNES",2022,MIL,30.0,15.708888888888888,4.9,4.0,1.5,0.4,0.3,0.7,6.5,50.8,32.0,52.9
"ALEXANDER, KYLE",2022,PAM,27.0,14.698765432098766,5.7,3.1,0.4,0.3,0.5,0.5,6.5,66.0,16.7,66.7
"WILLIAMS-GOSS, NIGEL",2022,MAD,26.0,15.787179487179486,7.4,1.3,1.8,0.6,0.0,1.0,6.6,58.3,38.5,77.1
"POLONARA, ACHILLE",2022,IST;ZAL,35.0,15.207142857142856,3.9,3.4,0.9,0.4,0.5,0.4,6.6,54.2,37.9,65.4
"JOKUBAITIS, ROKAS",2022,BAR,39.0,14.77991452991453,5.3,2.0,2.6,0.3,0.1,1.0,6.6,41.7,41.3,77.6
"BOOKER, DEVIN",2022,ULK,31.0,21.11021505376344,5.8,3.3,1.1,0.4,0.6,0.6,6.6,53.8,32.1,76.2
"PLEISS, TIBOR",2022,IST,33.0,15.106565656565657,6.7,2.9,0.5,0.2,0.3,0.6,6.7,61.1,32.6,91.3
"GIFFEY, NIELS",2022,MUN,26.0,19.384615384615383,6.8,2.6,0.7,0.7,0.0,0.5,6.7,51.5,48.2,92.9
"CORNELIE, PETR",2022,MAD,33.0,14.552525252525252,5.8,3.1,0.5,0.3,0.1,0.4,6.7,71.4,39.5,83.3
"LAMMERS, BEN",2022,BER,29.0,16.664367816091954,6.7,3.0,0.8,0.9,0.8,0.6,6.7,50.4,33.3,85.7
"RODRIGUEZ, SERGIO",2022,MAD,40.0,14.81375,4.9,1.5,4.4,0.4,0.0,1.2,6.8,50.6,36.8,83.3
"DUNSTON, BRYANT",2022,IST,29.0,13.597701149425289,4.3,2.9,0.6,0.8,0.4,0.6,6.8,66.7,0.0,76.3
"BONGA, ISAAC",2022,MUN,30.0,20.301666666666662,6.4,3.9,1.1,0.8,0.1,1.1,6.8,42.6,33.3,80.4
"JEKIRI, TONYE",2022,ULK,30.0,13.48277777777778,4.9,3.2,1.0,0.5,0.2,0.6,6.8,67.0,0.0,73.3
"PREPELIC, KLEMEN",2022,PAM,27.0,18.52962962962963,7.1,0.7,3.1,0.5,0.1,1.3,6.9,50.0,26.9,94.3
"GILLESPIE, FREDDIE",2022,MUN,34.0,18.940196078431374,4.3,6.0,0.4,0.6,1.0,1.3,6.9,49.3,0.0,36.1
"BAKO, ISMAEL",2022,VIR,34.0,15.526960784313724,6.1,2.6,0.4,0.5,0.6,0.9,6.9,67.0,0.0,87.7
"OBST, ANDREAS",2022,MUN,25.0,20.00733333333333,9.9,1.8,1.3,0.6,0.1,1.0,6.9,48.6,39.5,100.0
"BIRUTIS, LAURYNAS",2022,ZAL,37.0,13.124774774774774,5.4,3.1,0.4,0.2,0.3,0.6,7.1,63.5,0.0,73.6
"BLATT, TAMIR",2022,BER,30.0,19.86,7.8,1.2,4.6,0.3,0.0,2.2,7.2,26.5,35.7,89.5
"ZOOSMAN, YOVEL",2022,BER,27.0,21.625925925925927,6.8,2.9,1.8,1.0,0.2,1.0,7.2,54.8,31.9,88.0
"M'BAYE, AMATH",2022,IST,33.0,21.477777777777774,7.0,2.8,0.5,0.3,0.3,0.7,7.2,52.5,51.7,85.0
"MATHEWS, JONAH",2022,ASV,31.0,22.844086021505376,10.6,1.5,2.1,0.6,0.0,1.4,7.2,51.3,30.0,85.5
"HALL, DEVON",2022,MIL,25.0,30.016666666666666,7.8,2.6,2.3,0.9,0.1,1.8,7.3,43.0,32.1,84.6
"BUTKEVICIUS, ARNAS",2022,ZAL,37.0,22.5463963963964,5.3,3.6,1.6,1.1,0.3,1.2,7.4,56.2,25.4,87.3
"LIGHTY, DAVID",2022,ASV,28.0,22.817261904761903,8.1,2.4,1.5,0.7,0.0,1.4,7.4,47.1,42.6,72.9
"WEILER-BABB, NICK",2022,MUN,31.0,25.46021505376344,7.7,3.5,2.0,0.6,0.3,0.7,7.5,41.6,33.1,78.1
"BELINELLI, MARCO",2022,VIR,21.0,16.914285714285715,10.0,1.4,1.1,0.5,0.0,0.6,7.5,45.3,40.7,93.5
"HOMMES, DAULTON",2022,BAS,31.0,19.870967741935484,7.0,2.9,1.6,0.4,0.4,0.8,7.5,58.7,36.1,90.2
"LOPEZ-AROSTEGUI, XABI",2022,PAM,31.0,18.76451612903226,6.5,3.2,1.5,0.7,0.0,1.6,7.6,44.2,37.7,87.5
"GRIGONIS, MARIUS",2022,PAN,27.0,17.90679012345679,8.1,1.6,1.6,0.4,0.0,1.2,7.6,43.4,43.5,84.0
"WEBB III, JAMES",2022,PAM,32.0,21.503125,8.0,4.1,0.6,0.9,0.4,0.7,7.7,60.9,38.4,58.3
"HINES, KYLE",2022,MIL,34.0,18.807843137254903,5.5,3.6,1.5,0.6,0.6,0.8,7.7,63.5,0.0,68.4
"KALINIC, NIKOLA",2022,BAR,38.0,22.525438596491227,6.4,3.3,1.6,0.7,0.2,1.2,7.7,53.3,40.5,70.0
"WOLTERS, NATE",2022,PAN,23.0,21.16231884057971,7.9,2.3,2.9,0.7,0.1,0.9,7.7,49.1,35.2,83.3
"HAYES, KEVARRIUS",2022,ZAL,37.0,17.645945945945947,5.4,4.4,0.5,0.7,0.9,0.8,7.8,50.0,0.0,72.4
"KOUMADJE, KHALIFA",2022,BER,31.0,13.246236559139785,6.0,3.8,0.2,0.3,1.0,0.8,7.8,70.7,0.0,53.7
"HACKETT, DANIEL",2022,VIR,32.0,21.935416666666665,6.4,2.1,2.9,0.6,0.1,1.8,8.0,58.6,39.7,75.8
"TYUS, ALEX",2022,ASV,25.0,17.829333333333334,5.7,4.3,0.4,0.5,0.8,0.8,8.1,69.7,0.0,62.1
"DOBRIC, OGNJEN",2022,RED,31.0,23.700000000000003,9.9,2.5,1.6,0.5,0.0,1.0,8.1,56.1,32.4,74.3
"POIRIER, VINCENT",2022,MAD,32.0,14.646354166666669,6.1,4.0,0.6,0.3,0.9,0.8,8.2,61.2,40.0,72.7
"MICKEY, JORDAN",2022,VIR,32.0,22.016666666666666,7.3,4.1,0.8,0.7,0.7,1.2,8.2,51.0,25.4,79.2
"BENTIL, BENJAMIN",2022,RED,30.0,20.227777777777774,8.4,3.8,1.1,0.7,0.2,1.4,8.3,48.9,37.5,72.1
"LUNDBERG, IFFE",2022,VIR,29.0,20.62471264367816,8.0,2.2,2.0,0.7,0.0,1.2,8.3,56.2,29.7,86.0
"HOWARD, MARKUS",2022,BAS,33.0,20.524242424242424,14.2,1.4,1.2,0.6,0.0,1.5,8.4,46.0,36.5,88.6
"HIGGINS, CORY",2022,BAR,32.0,19.822916666666668,8.7,2.2,1.7,0.8,0.1,1.6,8.7,46.9,34.9,84.0
"NUNNALLY, JAMES",2022,PAR,37.0,22.36036036036036,9.2,2.1,1.8,0.5,0.2,1.1,8.8,58.0,40.5,88.5
"BRAZDEIKIS, IGNAS",2022,ZAL,35.0,22.41190476190476,11.6,2.9,1.3,0.4,0.1,1.4,8.8,49.0,31.3,80.5
"MCKISSIC, SHAQUIELLE",2022,OLY,41.0,17.674796747967477,9.0,1.4,1.5,0.8,0.0,0.9,8.9,68.1,31.9,68.4
"SORKIN, ROMAN",2022,TEL,36.0,16.300462962962964,6.8,3.2,0.8,0.3,0.8,0.5,8.9,69.6,15.4,66.7
"GUDAITIS, ARTURAS",2022,PAN,29.0,17.347126436781608,7.5,3.7,0.6,0.5,0.4,0.8,8.9,64.1,0.0,52.4
"HARPER, JARED",2022,PAM,31.0,17.832795698924734,10.4,0.8,3.3,0.5,0.0,1.7,8.9,44.4,33.1,82.3
"WINSTON, CASSIUS",2022,MUN,29.0,19.373563218390807,11.0,2.1,3.4,0.8,0.1,1.8,9.0,40.9,28.2,89.5
"WALDEN, COREY",2022,MUN,29.0,19.339655172413792,8.8,1.8,2.3,0.9,0.1,1.3,9.0,49.2,32.0,86.4
"RIVERO, JASIEL",2022,PAM,24.0,18.82430555555556,9.4,3.5,0.5,0.8,0.2,1.4,9.2,58.1,21.4,71.1
"HEZONJA, MARIO",2022,MAD,39.0,20.53803418803419,10.6,3.0,1.1,0.7,0.2,1.3,9.2,51.1,43.3,75.8
"PIERRE, DYSHAWN",2022,ULK,29.0,22.794252873563217,7.2,3.8,1.6,0.3,0.2,1.0,9.3,47.9,48.6,58.6
"HUNTER, OTHELLO",2022,MUN,24.0,17.911805555555556,7.8,4.8,1.0,0.6,0.4,1.0,9.4,54.9,43.6,77.8
"SMITS, ROLANDS",2022,ZAL,37.0,23.37657657657657,9.7,4.7,1.1,0.4,0.1,1.4,9.4,57.6,38.3,85.5
"JAITEH, MAM",2022,VIR,33.0,18.61565656565657,8.4,4.7,0.7,0.6,0.2,1.5,9.6,59.1,0.0,56.5
"SEDEKERSKIS, TADAS",2022,BAS,23.0,18.66449275362319,5.9,4.2,1.0,0.8,0.0,0.5,9.7,72.2,35.7,87.1
"BRYANT, ELIJAH",2022,IST,34.0,22.687745098039212,8.5,4.1,1.5,0.7,0.4,1.4,9.9,60.5,39.0,86.0
"MOTIEJUNAS, DONATAS",2022,MCO,41.0,17.798780487804876,8.5,3.7,0.8,0.3,0.1,0.9,10.0,63.5,25.0,55.8
"OLINDE, LOUIS",2022,BER,27.0,22.316666666666663,8.1,4.3,1.1,0.6,0.3,1.1,10.0,58.9,39.1,79.6
"ZIZIC, ANTE",2022,IST,31.0,15.680645161290323,7.7,3.7,0.7,0.4,0.3,0.6,10.0,70.3,0.0,65.5
"CALATHES, NICK",2022,ULK,39.0,25.664957264957263,8.0,4.0,4.9,1.1,0.0,2.2,10.0,50.3,33.6,38.2
"WILBEKIN, SCOTTIE",2022,ULK,25.0,23.666,11.1,1.7,2.6,1.0,0.0,1.3,10.1,50.6,35.7,73.3
"MITROVIC, LUKA",2022,RED,31.0,18.906451612903226,7.6,4.4,1.9,0.3,0.2,1.4,10.2,63.7,100.0,68.7
"LEE, PARIS",2022,PAN,33.0,27.16212121212121,11.2,1.8,3.8,1.4,0.0,2.0,10.3,43.2,33.3,81.1
"PAPANIKOLAOU, KOSTAS",2022,OLY,38.0,25.33464912280702,8.7,3.8,1.9,0.7,0.2,1.4,10.3,64.7,42.9,72.9
"TEODOSIC, MILOS",2022,VIR,26.0,19.49230769230769,10.3,1.6,6.0,0.6,0.1,3.3,10.5,43.5,39.4,89.7
"THIEMANN, JOHANNES",2022,BER,28.0,17.788095238095238,8.0,4.1,1.3,0.5,0.1,1.4,10.6,54.8,23.1,79.5
"LO, MAODO",2022,BER,26.0,21.946153846153848,11.6,1.7,2.9,0.6,0.0,1.7,10.6,48.3,35.4,83.6
"COSTELLO, MATTHEW",2022,BAS,34.0,20.051470588235293,9.3,4.2,1.5,0.6,0.9,1.1,10.7,64.0,36.0,70.8
"SMITH, JALEEN",2022,BER,31.0,24.63225806451613,11.5,2.7,2.6,0.8,0.2,1.4,10.7,47.1,37.4,83.6
"OJELEYE, SEMI",2022,VIR,24.0,23.556944444444444,10.5,3.8,0.6,0.5,0.1,0.8,10.8,58.9,46.1,87.0
"LAPROVITTOLA, NICOLAS",2022,BAR,39.0,23.716239316239317,10.4,2.2,4.6,0.7,0.0,2.2,11.1,47.9,41.8,86.8
"DIALLO, ALPHA",2022,MCO,41.0,24.75772357723577,10.5,4.2,2.0,1.3,0.3,1.3,11.1,53.3,29.8,75.0
"BARON, BILLY",2022,MIL,30.0,25.11055555555556,11.0,2.4,2.1,0.6,0.0,1.4,11.1,58.8,40.3,87.5
"NEDOVIC, NEMANJA",2022,RED,27.0,20.944444444444443,13.3,1.2,2.9,0.7,0.0,1.7,11.2,50.3,28.0,86.0
"BEAUBOIS, RODRIGUE",2022,IST,30.0,25.258888888888887,10.8,2.1,2.0,1.1,0.8,0.9,11.2,58.2,48.6,87.0
"MELLI, NICOLO",2022,MIL,32.0,25.29895833333333,7.9,5.3,1.3,1.0,0.3,1.2,11.3,57.1,36.2,66.0
"YABUSELE, GUERSCHON",2022,MAD,29.0,23.79367816091954,9.7,4.0,1.3,0.8,0.3,1.0,11.4,56.7,42.1,71.0
"PAPAGIANNIS, GEORGIOS",2022,PAN,33.0,23.73030303030303,8.5,5.7,0.7,0.4,1.2,1.2,11.4,59.5,48.6,75.0
"DAVIES, BRANDON",2022,MIL,33.0,18.39444444444445,10.2,3.2,1.9,0.6,0.3,1.7,11.5,55.0,35.0,70.3
"WALKUP, THOMAS",2022,OLY,41.0,25.095528455284555,7.3,2.8,5.6,1.8,0.1,1.9,11.5,54.1,33.3,85.4
"SHENGELIA, TORNIKE",2022,VIR,23.0,22.619565217391305,9.4,3.1,3.1,0.9,0.4,2.1,11.5,48.8,46.2,75.3
"VESELY, JAN",2022,BAR,38.0,20.04122807017544,9.3,4.0,1.5,0.8,0.3,1.2,11.6,58.1,0.0,79.1
"NEBO, JOSH",2022,TEL,39.0,21.63632478632479,7.4,6.2,0.6,0.4,0.5,0.9,11.7,64.8,0.0,61.3
"ULANOVAS, EDGARAS",2022,ZAL,37.0,28.175225225225223,10.2,3.3,2.5,0.9,0.1,2.1,11.7,47.3,39.5,83.5
"OKOBO, ELIE",2022,MCO,41.0,26.00365853658537,12.6,2.1,3.6,1.0,0.2,2.1,12.0,52.9,33.5,83.7
"WILLIAMS, DERRICK",2022,PAN,34.0,29.330392156862747,12.4,3.9,1.2,0.8,0.1,1.4,12.1,57.0,38.0,71.9
"VILDOZA, LUCA",2022,RED,29.0,24.24137931034483,12.6,2.5,3.9,1.4,0.1,2.6,12.2,48.9,35.5,90.1
"FALL, MOUSTAPHA",2022,OLY,40.0,22.04125,7.2,4.9,2.1,0.6,0.8,1.4,12.2,72.2,0.0,52.3
"HALL, DONTA",2022,MCO,41.0,18.63536585365853,7.5,5.5,0.5,0.5,0.9,0.5,12.3,72.9,0.0,71.0
"FALL, YOUSSOUPHA",2022,ASV,34.0,19.93921568627451,9.3,6.1,0.3,0.3,0.3,1.3,12.5,68.5,0.0,69.7
"SATORANSKY, TOMAS",2022,BAR,36.0,24.44861111111111,8.4,3.8,4.3,0.7,0.1,1.8,12.6,53.0,48.7,82.3
"PETRUSEV, FILIP",2022,RED,34.0,22.66029411764706,10.7,5.2,0.7,0.5,0.7,1.2,12.6,59.9,35.1,69.5
"DUBLJEVIC, BOJAN",2022,PAM,27.0,23.12962962962963,11.7,4.8,1.5,0.6,0.1,2.1,12.6,60.9,44.8,89.7
"BACON, DWAYNE",2022,PAN,27.0,30.839506172839503,16.6,3.5,2.0,0.7,0.1,1.3,12.8,44.4,29.7,81.0
"GUDURIC, MARKO",2022,ULK,38.0,23.86271929824561,12.3,3.0,3.2,0.9,0.0,1.9,12.8,57.3,40.2,83.3
"SIKMA, LUKE",2022,BER,33.0,22.47373737373737,7.6,5.3,4.9,1.0,0.1,2.5,12.9,53.9,28.6,67.7
"PONITKA, MATEUSZ",2022,PAN,27.0,25.17098765432099,8.4,5.2,2.4,1.1,0.1,1.9,13.0,46.1,37.2,80.2
"COLSON, BONZIE",2022,TEL,39.0,26.08205128205128,10.7,5.6,0.6,1.3,0.7,0.7,13.1,58.3,37.6,77.5
"KOTSAR, MAIK",2022,BAS,34.0,20.416666666666664,9.3,4.3,1.4,0.7,0.4,0.5,13.3,65.8,0.0,57.5
"LOYD, JORDAN",2022,MCO,34.0,25.337254901960787,12.3,2.4,2.7,1.3,0.1,1.2,13.4,50.3,37.1,89.9
"HAYES-DAVIS, NIGEL",2022,ULK,39.0,30.46581196581197,10.5,4.4,1.5,1.2,0.3,0.5,13.4,56.8,40.5,75.0
"GIEDRAITIS, ROKAS",2022,BAS,34.0,26.62107843137255,10.4,5.9,1.6,0.9,0.2,0.6,13.5,57.5,29.3,82.2
"LEDAY, ZACH",2022,PAR,39.0,30.92606837606837,11.4,5.1,1.2,0.7,0.3,1.0,14.1,54.3,38.4,85.3
"EXUM, DANTE",2022,PAR,38.0,22.99780701754386,13.2,2.3,2.7,0.8,0.2,1.8,14.3,59.3,39.3,85.8
"SLOUKAS, KOSTAS",2022,OLY,36.0,22.840740740740745,11.0,2.1,5.6,0.3,0.1,2.1,14.7,53.0,32.5,90.6
"JONES, CHRIS",2022,PAM,28.0,22.91369047619048,13.4,2.1,4.3,1.1,0.0,1.9,14.8,55.5,34.3,89.5
"PUNTER, KEVIN",2022,PAR,37.0,27.90045045045045,16.1,2.1,2.5,1.0,0.1,1.3,15.0,49.1,44.3,91.7
"DE COLO, NANDO",2022,ASV,29.0,23.723563218390805,13.8,2.6,3.5,1.0,0.0,2.8,15.5,52.6,41.1,91.7
"DECK, GABRIEL",2022,MAD,31.0,26.03279569892473,12.3,5.4,1.9,0.5,0.1,1.4,15.7,63.4,31.9,84.5
"MUSA, DZANAN",2022,MAD,41.0,23.808536585365854,14.8,3.1,2.7,0.4,0.2,1.6,15.9,58.6,37.1,86.0
"MOTLEY, JOHNATHAN",2022,ULK,36.0,23.27777777777778,14.5,5.4,1.6,0.6,0.4,1.9,16.0,62.4,23.1,68.4
"BROWN, LORENZO",2022,TEL,35.0,31.59809523809524,16.4,3.0,5.5,1.1,0.1,2.9,16.1,50.0,35.3,91.1
"JAMES, MIKE",2022,MCO,38.0,30.353947368421053,15.9,3.7,4.4,1.0,0.0,2.2,16.3,45.9,27.3,78.3
"MIROTIC, NIKOLA",2022,BAR,29.0,24.967241379310344,15.4,4.3,1.2,1.0,0.4,1.4,16.4,60.3,39.2,80.4
"THOMPSON, DARIUS",2022,BAS,34.0,26.94803921568628,12.6,3.2,6.7,1.7,0.4,2.7,17.1,55.8,38.4,75.6
"MICIC, VASILIJE",2022,IST,31.0,31.286559139784945,16.0,3.2,5.4,0.9,0.1,2.7,17.4,53.8,35.7,87.0
"BALDWIN IV, WADE",2022,TEL,34.0,28.055882352941172,17.2,3.8,5.1,0.9,0.3,2.6,17.6,51.8,32.7,82.1
"TAVARES, WALTER",2022,MAD,40.0,25.004583333333333,11.2,6.9,1.5,0.9,2.2,2.2,18.0,67.6,0.0,78.0
"CLYBURN, WILL",2022,IST,34.0,33.1171568627451,16.7,5.7,2.1,1.0,0.2,1.6,18.6,49.2,36.6,83.0
"LESSORT, MATHIAS",2022,PAR,38.0,30.18070175438596,12.0,7.1,1.4,0.9,0.8,1.4,19.1,67.6,0.0,73.4
"VEZENKOV, SASHA",2022,OLY,40.0,29.24333333333333,17.6,6.8,1.9,0.9,0.2,1.0,21.5,65.5,37.8,87.9
"LAZIC, BRANKO",2023,RED,22.0,13.78181818181818,2.7,1.5,0.4,0.4,0.0,0.3,1.0,38.1,28.9,91.7
"ROBERTSON, KASSIUS",2023,PAM,30.0,15.709444444444443,4.1,1.3,0.7,0.3,0.0,0.7,1.6,36.6,27.9,64.7
"PUERTO, JOSEP",2023,PAM,25.0,13.275333333333332,3.2,2.4,0.4,0.2,0.0,1.0,2.3,47.4,26.8,90.9
"MATTISSECK, JONAS",2023,BER,26.0,12.153846153846152,3.3,0.6,0.5,0.3,0.0,0.3,2.4,33.3,43.4,100.0
"GIFFEY, NIELS",2023,MUN,31.0,13.070967741935483,3.0,1.7,0.4,0.5,0.0,0.3,2.6,50.0,27.7,73.3
"JARAMAZ, OGNJEN",2023,PAR,22.0,12.77651515151515,3.2,1.3,1.5,0.5,0.0,0.5,2.6,54.1,21.1,46.7
"LIGHTY, DAVID",2023,ASV,29.0,16.532183908045976,3.3,1.4,1.0,0.6,0.0,0.5,2.7,40.0,34.9,73.3
"PARRA, JOEL",2023,BAR,26.0,13.08974358974359,3.0,2.2,0.4,0.2,0.1,0.5,2.8,48.5,27.3,69.2
"FLACCADORI, DIEGO",2023,MIL,26.0,13.937820512820512,4.6,1.0,1.1,0.7,0.0,0.8,2.8,42.9,28.6,88.9
"REUVERS, NATHAN",2023,PAM,29.0,14.870689655172416,4.9,2.3,0.5,0.2,0.4,0.7,3.1,49.3,26.6,66.7
"PONITKA, MATEUSZ",2023,PAR,26.0,13.925641025641026,2.4,2.2,0.7,0.4,0.0,0.7,3.1,50.0,23.8,88.9
"SCHNEIDER, TIM",2023,BER,33.0,16.074747474747475,4.3,2.2,0.6,0.3,0.0,0.5,3.1,61.7,24.7,53.3
"DIEZ, DANIEL",2023,BAS,30.0,12.055,2.4,2.1,0.5,0.2,0.0,0.2,3.3,72.7,37.5,75.0
"SANLI, SERTAC",2023,ULK,35.0,12.231904761904762,4.7,2.0,0.5,0.1,0.3,0.5,3.3,53.1,35.1,78.3
"HINES, KYLE",2023,MIL,34.0,12.336764705882352,3.3,2.3,0.8,0.4,0.4,0.9,3.5,55.8,0.0,67.5
"ABASS, AWUDU",2023,VIR,31.0,12.856451612903228,4.4,1.7,0.4,0.4,0.1,0.2,3.5,58.1,31.6,84.6
"GIEDRAITIS, DOVYDAS",2023,ZAL,30.0,16.57888888888889,4.8,1.0,1.0,1.1,0.0,0.8,3.6,37.7,42.6,92.3
"LEKAVICIUS, LUKAS",2023,ZAL,30.0,12.123333333333331,4.9,0.8,1.6,0.3,0.0,0.8,3.7,35.7,39.6,85.7
"BRIZUELA, DARIO",2023,BAR,32.0,13.788541666666667,5.7,1.0,1.6,0.3,0.1,0.8,3.7,49.5,32.0,72.7
"LARENTZAKIS, GIANNOULIS",2023,OLY,37.0,13.111711711711711,5.1,1.0,1.5,0.6,0.1,1.0,3.8,37.7,32.1,80.8
"KAHUDI, CHARLES",2023,ASV,29.0,17.29597701149425,3.9,2.9,0.8,0.1,0.0,0.4,4.0,42.9,24.4,77.3
"ABALDE, ALBERTO",2023,MAD,24.0,12.83125,3.6,1.9,0.7,0.4,0.0,0.2,4.0,50.0,41.3,87.5
"DA SILVA, OSCAR",2023,BAR,37.0,14.65720720720721,3.4,2.7,0.4,0.6,0.3,0.2,4.1,58.4,24.2,60.0
"SUMNER, EDMOND",2023,ZAL,23.0,13.434782608695652,6.9,1.1,1.8,0.8,0.1,2.0,4.3,47.7,39.3,81.1
"DIMSA, TOMAS",2023,ZAL,33.0,17.85959595959596,6.4,1.5,1.7,0.4,0.1,1.0,4.3,46.2,38.1,68.2
"OSMANI, ERCAN",2023,IST,23.0,13.419565217391304,4.4,2.6,0.6,0.6,0.1,0.5,4.4,51.0,34.2,100.0
"DOBRIC, OGNJEN",2023,VIR,28.0,13.3625,4.7,1.6,0.6,0.5,0.0,0.4,4.4,63.0,40.8,66.7
"CAUSEUR, FABIEN",2023,MAD,32.0,15.21875,5.1,1.3,1.1,0.4,0.2,0.8,4.5,53.0,39.4,88.9
"CLEVELAND, ANTONIUS",2023,TEL,39.0,14.16153846153846,5.4,1.7,0.7,0.9,0.5,0.5,4.5,55.6,27.1,70.5
"RODRIGUEZ, SERGIO",2023,MAD,32.0,15.1984375,4.4,1.4,4.2,0.5,0.0,1.5,4.5,35.6,35.6,87.5
"VILDOZA, LUCA",2023,PAN,28.0,14.94702380952381,5.7,1.5,1.5,0.6,0.0,1.0,4.6,42.0,36.6,76.2
"DELOW, MALTE",2023,BER,34.0,16.88480392156863,5.2,2.3,2.4,0.8,0.1,1.7,4.6,47.9,32.3,78.3
"JACKSON, EDWIN",2023,ASV,31.0,15.428494623655917,5.3,1.1,1.0,0.4,0.0,1.0,4.7,63.2,35.4,81.8
"POYTHRESS, ALEX",2023,MIL,30.0,12.865,5.3,2.7,0.1,0.3,0.4,1.0,4.7,61.7,20.0,79.3
"PRADILLA, JAIME",2023,PAM,31.0,13.605913978494623,3.4,3.3,0.7,0.5,0.0,0.7,4.8,61.2,30.0,58.3
"ANDJUSIC, DANILO",2023,PAR,28.0,13.096428571428572,5.0,1.1,0.6,0.2,0.1,0.5,4.8,44.0,40.0,94.7
"MADAR, YAM",2023,ULK,30.0,13.518888888888888,4.3,1.2,2.0,0.6,0.1,0.9,4.8,55.6,32.5,82.9
"PAJOLA, ALESSANDRO",2023,VIR,34.0,17.04656862745098,3.9,1.8,3.0,0.8,0.1,1.1,4.9,45.7,35.2,72.7
"FERNANDEZ, RUDY",2023,MAD,24.0,15.396527777777775,3.3,1.9,1.5,0.9,0.0,0.2,4.9,50.0,36.5,85.7
"ROGKAVOPOULOS, NIKOLAOS",2023,BAS,29.0,13.464942528735632,6.1,1.7,0.5,0.5,0.1,0.6,4.9,46.9,52.1,77.3
"LLULL, SERGIO",2023,MAD,33.0,18.058585858585857,7.9,1.2,2.0,0.3,0.0,1.1,5.2,42.9,34.0,72.7
"OBST, ANDREAS",2023,MUN,22.0,18.675,7.5,1.5,0.7,0.2,0.0,0.5,5.5,43.8,40.9,78.6
"JOKUBAITIS, ROKAS",2023,BAR,36.0,15.516203703703704,5.3,1.7,2.8,0.3,0.1,1.2,5.5,50.0,27.7,65.2
"DIBARTOLOMEO, JOHN",2023,TEL,29.0,14.78103448275862,4.8,2.0,1.1,0.7,0.0,0.5,5.5,40.0,39.3,100.0
"BIBEROVIC, TARIK",2023,ULK,31.0,16.22741935483871,7.0,2.2,0.7,0.3,0.0,0.8,5.6,50.8,53.1,92.0
"BUTKEVICIUS, ARNAS",2023,ZAL,22.0,20.89015151515152,5.0,3.3,0.9,0.6,0.1,1.0,5.7,61.5,38.9,70.4
"HERNANGOMEZ, JUANCHO",2023,PAN,31.0,16.40430107526882,4.3,3.5,0.5,0.6,0.3,0.8,5.8,50.0,26.4,75.6
"TONUT, STEFANO",2023,MIL,29.0,17.07873563218391,5.8,1.8,1.2,0.6,0.0,0.6,5.8,53.2,49.2,64.7
"BEAN, JUSTIN",2023,BER,27.0,15.43148148148148,3.9,3.0,0.7,0.7,0.4,0.5,5.9,47.5,36.1,71.4
"WEBB III, JAMES",2023,TEL,39.0,15.727777777777778,6.2,3.2,0.5,0.5,0.3,0.4,6.0,54.2,33.0,77.6
"SPAGNOLO, MATTEO",2023,BER,25.0,20.493333333333336,7.3,2.2,3.4,0.3,0.0,2.5,6.1,43.3,22.2,87.8
"LOPEZ-AROSTEGUI, XABI",2023,PAM,25.0,16.416666666666668,5.1,3.2,0.9,0.4,0.0,0.9,6.2,58.6,25.0,83.3
"SMAILAGIC, ALEN",2023,PAR,31.0,15.858602150537637,5.5,2.2,0.6,0.6,0.4,0.7,6.3,64.2,46.2,72.7
"NDIAYE, MBAYE",2023,ASV,22.0,15.837121212121213,3.6,3.9,1.0,0.5,0.9,0.8,6.3,56.9,18.2,53.8
"BLOSSOMGAME, JARON",2023,MCO,39.0,19.58974358974359,6.6,3.3,0.3,0.5,0.3,0.3,6.4,63.0,25.9,65.6
"DAVIDOVAC, DEJAN",2023,RED,31.0,19.29784946236559,5.1,3.0,0.6,0.7,0.3,0.4,6.5,56.4,38.2,73.9
"ZIZIC, ANTE",2023,VIR;IST,30.0,14.283333333333331,4.8,2.7,0.6,0.3,0.4,0.7,6.5,64.6,0.0,57.1
"SORKIN, ROMAN",2023,TEL,32.0,15.759375,6.8,3.1,0.5,0.3,0.6,1.0,6.5,55.6,37.5,78.6
"HARPER, JARED",2023,PAM,22.0,16.453787878787878,8.5,0.8,2.2,0.6,0.0,1.3,6.5,50.0,25.3,85.3
"ABRINES, ALEX",2023,BAR,27.0,17.31851851851852,6.9,2.0,0.5,0.5,0.3,0.7,6.6,62.5,44.8,85.7
"DUNSTON, BRYANT",2023,VIR,36.0,19.28981481481481,4.5,3.6,0.9,0.8,0.7,0.6,6.7,63.0,33.3,47.6
"MCKISSIC, SHAQUIELLE",2023,OLY,32.0,16.340625,7.3,1.6,1.0,1.0,0.0,1.0,6.8,58.6,34.6,71.2
"MANEK, BRADY",2023,ZAL,28.0,18.84583333333333,7.5,3.4,0.6,0.6,0.1,0.9,6.9,46.4,40.7,78.9
"WETZELL, YANNI",2023,BER,27.0,20.02283950617284,7.9,3.5,0.9,0.6,0.3,1.5,7.0,52.8,20.0,66.7
"JOVIC, STEFAN",2023,PAM,27.0,16.96358024691358,4.9,1.9,2.9,0.9,0.0,1.1,7.0,65.2,30.3,60.7
"BONGA, ISAAC",2023,MUN,31.0,19.923655913978493,5.8,4.2,1.2,0.7,0.3,1.3,7.2,55.6,29.9,79.5
"PAPAGIANNIS, GEORGIOS",2023,ULK,38.0,15.976315789473684,5.7,3.1,0.8,0.3,0.8,0.7,7.2,66.7,48.8,66.7
"HAYES, KEVARRIUS",2023,ZAL,34.0,18.6656862745098,5.6,4.0,0.5,0.7,0.7,0.9,7.4,56.4,66.7,77.1
"WEILER-BABB, NICK",2023,MUN,34.0,21.75049019607843,6.2,3.2,2.1,0.7,0.1,0.9,7.4,56.0,38.7,85.0
"DORSEY, TYLER",2023,ULK,38.0,17.603947368421053,8.7,1.8,1.2,0.2,0.1,1.0,7.5,42.7,45.4,83.1
"MICKEY, JORDAN",2023,VIR,26.0,18.18846153846154,8.2,4.0,0.6,0.4,0.7,1.3,7.7,50.4,41.5,67.5
"BLATT, TAMIR",2023,TEL,38.0,18.87894736842105,7.0,1.5,4.8,0.4,0.0,1.8,7.8,50.0,39.3,87.5
"PETRUSEV, FILIP",2023,OLY,22.0,15.621969696969698,6.3,3.3,0.6,0.3,0.5,0.7,7.8,50.6,28.6,78.3
"KOTSAR, MAIK",2023,BAS,39.0,18.086752136752136,5.6,3.3,1.2,0.7,0.3,0.7,7.8,51.8,0.0,68.7
"HALL, DONTA",2023,MCO,38.0,13.621491228070177,4.9,3.5,0.4,0.5,0.4,0.3,7.9,74.7,0.0,60.7
"THOMAS, MATT",2023,BER,30.0,21.99833333333333,10.1,2.0,1.6,0.5,0.0,1.2,8.0,47.7,43.2,88.9
"PIERRE, DYSHAWN",2023,ULK,27.0,19.79753086419753,5.6,3.9,1.0,0.6,0.1,0.4,8.0,54.1,30.2,91.7
"PLEISS, TIBOR",2023,IST,23.0,18.016666666666666,7.8,3.6,0.7,0.3,0.6,0.7,8.0,52.3,43.5,88.9
"PROCIDA, GABRIELE",2023,BER,25.0,17.458666666666666,8.3,1.6,0.9,1.4,0.4,1.0,8.0,58.2,29.0,75.6
"EDWARDS, CARSEN",2023,MUN,34.0,22.81764705882353,11.5,1.7,1.8,0.9,0.1,1.7,8.1,45.6,32.6,91.4
"HANGA, ADAM",2023,RED,26.0,20.12179487179487,8.0,2.9,2.4,1.0,0.3,1.3,8.2,47.2,33.3,53.3
"WILLIAMS-GOSS, NIGEL",2023,OLY,32.0,21.992708333333333,9.1,2.3,3.3,1.2,0.0,1.6,8.3,45.1,42.0,75.8
"KALINIC, NIKOLA",2023,BAR,39.0,24.57905982905983,7.3,3.8,2.4,0.8,0.1,1.3,8.3,45.2,40.6,58.1
"CANAAN, ISAIAH",2023,OLY,41.0,23.05650406504065,11.1,1.2,1.4,0.9,0.1,1.1,8.4,54.6,42.5,88.2
"BROWN III, JOHN",2023,MCO,36.0,25.288888888888888,6.0,3.7,1.4,1.1,0.1,0.7,8.4,48.1,0.0,71.4
"LUNDBERG, IFFE",2023,VIR,35.0,19.294761904761906,9.4,2.1,2.0,0.6,0.0,1.3,8.5,54.5,33.6,72.9
"BROWN, STERLING",2023,BER,29.0,24.122413793103448,11.2,3.3,2.4,0.8,0.2,2.0,8.6,45.7,35.7,93.0
"RIVERO, JASIEL",2023,TEL,40.0,15.629166666666666,7.6,3.1,0.9,0.6,0.3,0.9,8.6,56.4,57.1,64.6
"MARINKOVIC, VANJA",2023,BAS,37.0,25.82747747747748,11.0,2.5,1.5,0.3,0.0,1.0,8.7,50.9,38.4,80.6
"GRIGONIS, MARIUS",2023,PAN,41.0,24.70772357723577,9.1,2.7,1.3,0.6,0.0,0.9,8.7,59.6,41.7,90.0
"AVRAMOVIC, ALEKSA",2023,PAR,24.0,18.61180555555556,10.2,1.8,1.8,0.7,0.2,1.3,8.8,67.3,29.5,77.5
"OTURU, DAN",2023,IST,22.0,15.466666666666669,7.2,3.9,0.5,0.3,0.9,0.8,8.8,68.4,0.0,58.5
"BIRUTIS, LAURYNAS",2023,ZAL,34.0,15.115686274509802,7.5,3.7,0.6,0.2,0.4,0.9,8.9,64.5,0.0,61.8
"KOUMADJE, KHALIFA",2023,BER,28.0,16.623214285714287,5.6,5.4,0.2,0.4,0.9,0.9,9.0,62.7,0.0,68.2
"WILLIS, DEREK",2023,IST,26.0,23.041666666666668,7.3,3.7,0.8,0.6,0.3,0.5,9.0,52.9,44.4,94.4
"HALL, DEVON",2023,MIL,32.0,24.0796875,8.2,2.9,1.9,1.0,0.1,1.0,9.1,50.8,38.5,83.8
"DOS SANTOS, YAGO",2023,RED,28.0,19.808333333333334,8.7,2.0,3.9,0.5,0.0,1.9,9.1,46.7,40.2,80.7
"BELINELLI, MARCO",2023,VIR,35.0,22.75619047619048,14.1,1.7,1.7,0.4,0.0,1.3,9.2,43.9,38.2,86.5
"BOLMARO, LEANDRO",2023,MUN,30.0,19.78166666666667,8.4,2.8,3.4,1.0,0.3,2.0,9.2,54.7,30.2,73.2
"PAPANIKOLAOU, KOSTAS",2023,OLY,38.0,25.082894736842103,7.4,3.6,2.7,0.8,0.1,1.2,9.3,55.1,36.2,65.2
"WALKUP, THOMAS",2023,OLY,40.0,26.401666666666664,7.8,3.0,4.8,1.6,0.0,1.8,9.3,47.3,30.2,76.5
"VOIGTMANN, JOHANNES",2023,MIL,34.0,20.21176470588236,7.0,4.4,2.1,0.4,0.4,1.4,9.4,62.5,28.9,67.6
"KAMINSKY, FRANK",2023,PAR,30.0,17.21388888888889,8.9,3.4,1.6,0.4,0.2,0.7,9.5,63.1,40.6,66.0
"JONES, TYRIQUE",2023,IST,34.0,17.53578431372549,7.2,4.3,1.0,0.8,0.4,0.9,9.5,63.4,0.0,66.7
"GUDURIC, MARKO",2023,ULK,37.0,21.472522522522524,9.1,2.5,2.5,0.8,0.0,1.4,9.6,58.3,33.6,90.1
"PARKER, JABARI",2023,BAR,38.0,24.003508771929823,10.6,4.2,0.7,0.6,0.4,1.1,9.6,51.1,38.1,76.7
"BEAUBOIS, RODRIGUE",2023,IST,31.0,23.168817204301074,10.1,2.2,2.3,0.7,0.4,0.9,9.6,51.1,39.2,85.7
"MELLI, NICOLO",2023,MIL,34.0,24.427941176470583,7.3,4.0,2.0,0.9,0.6,1.0,9.6,52.8,38.7,57.7
"INGLIS, DAMIEN",2023,PAM,32.0,20.52552083333333,8.2,4.7,1.7,0.7,0.2,1.4,9.6,53.8,28.0,71.0
"THOMPSON, DARIUS",2023,IST,35.0,25.98190476190476,10.9,2.0,2.8,1.0,0.5,1.6,9.6,51.3,32.8,83.8
"SCOTT, MIKE",2023,ASV,29.0,22.227586206896557,10.4,3.9,1.2,0.4,0.0,0.9,9.7,60.6,34.3,81.6
"NAPIER, SHABAZZ",2023,RED;MIL,28.0,23.06607142857143,10.4,2.1,3.3,1.2,0.0,2.3,9.8,46.2,29.3,84.4
"GIEDRAITIS, ROKAS",2023,RED,34.0,25.420098039215684,10.0,3.8,0.9,0.9,0.1,0.8,9.8,53.8,34.1,81.5
"DOZIER, PJ",2023,PAR,33.0,21.002525252525253,9.2,3.0,3.1,1.3,0.2,2.0,9.9,58.3,29.4,73.3
"DECK, GABRIEL",2023,MAD,28.0,21.22202380952381,9.0,3.2,1.1,0.6,0.0,0.9,9.9,68.4,35.8,87.8
"MOTIEJUNAS, DONATAS",2023,MCO,39.0,17.75982905982906,8.8,3.4,0.9,0.4,0.2,1.1,10.1,60.9,37.7,72.7
"COSTELLO, MATTHEW",2023,BAS,33.0,22.1959595959596,9.7,4.2,1.7,0.7,0.8,1.1,10.2,65.9,31.9,68.4
"OKOBO, ELIE",2023,MCO,37.0,24.832882882882885,11.0,2.6,3.1,0.7,0.0,1.8,10.2,49.2,30.1,82.8
"CORDINIER, ISAIA",2023,VIR,31.0,22.30430107526881,8.6,3.8,2.6,0.9,0.5,1.5,10.4,55.7,33.8,78.0
"SMITS, ROLANDS",2023,ZAL,31.0,22.937634408602158,10.5,4.3,1.2,0.6,0.1,1.3,10.5,62.9,37.5,77.3
"CALATHES, NICK",2023,ULK,38.0,23.69956140350877,7.1,4.2,4.8,1.1,0.2,1.9,10.5,52.3,35.7,51.3
"CABOCLO, BRUNO",2023,PAR,27.0,19.386419753086415,9.4,4.0,0.2,0.6,0.7,1.3,10.5,70.0,50.0,72.6
"BOOKER, DEVIN",2023,MUN,28.0,26.48809523809524,9.7,5.5,1.2,0.4,0.1,1.9,10.6,54.1,30.2,79.2
"HACKETT, DANIEL",2023,VIR,32.0,24.079166666666666,8.1,3.2,3.6,0.9,0.1,1.6,10.7,48.1,39.3,80.3
"FRANCISCO, SYLVAIN",2023,MUN,33.0,19.28989898989899,10.6,1.7,3.2,0.7,0.0,1.3,10.7,43.1,35.4,81.4
"ULANOVAS, EDGARAS",2023,ZAL,34.0,27.998529411764707,7.6,4.1,2.8,0.6,0.1,1.1,10.7,52.9,28.4,86.6
"GRANT, JERIAN",2023,PAN,41.0,27.5869918699187,8.6,2.3,3.5,1.5,0.1,1.1,10.9,49.7,41.6,86.1
"TEODOSIC, MILOS",2023,RED,27.0,21.09938271604938,9.4,2.0,5.9,0.7,0.1,2.0,10.9,49.0,34.0,81.9
"HOWARD, MARKUS",2023,BAS,39.0,23.03589743589744,19.5,1.2,1.6,0.5,0.0,1.9,11.0,48.4,40.0,83.7
"LUWAWU-CABARROT, TIMOTHE",2023,ASV,28.0,28.135714285714283,13.0,3.4,2.3,1.1,0.1,2.3,11.1,51.4,37.6,83.0
"SATORANSKY, TOMAS",2023,BAR,39.0,25.03034188034188,7.0,4.3,4.0,1.1,0.1,1.4,11.3,51.8,36.6,72.1
"BRYANT, ELIJAH",2023,IST,24.0,21.67638888888889,9.7,3.9,2.7,0.7,0.3,1.5,11.5,50.9,38.2,87.2
"NUNN, KENDRICK",2023,PAN,35.0,27.45047619047619,16.0,2.7,3.0,0.9,0.1,3.1,11.7,46.6,41.0,95.9
"DIALLO, ALPHA",2023,MCO,38.0,26.94473684210526,10.6,4.2,1.7,1.1,0.4,1.2,11.8,52.9,38.9,75.0
"LAPROVITTOLA, NICOLAS",2023,BAR,33.0,22.716161616161617,12.3,2.0,4.8,0.5,0.0,2.3,11.9,55.9,38.8,77.9
"MOTLEY, JOHNATHAN",2023,ULK,36.0,18.723148148148148,11.2,4.2,1.1,0.2,0.2,2.0,12.2,65.5,25.0,70.9
"DAVIES, BRANDON",2023,PAM,28.0,22.35892857142857,12.1,3.8,2.0,0.8,0.6,2.0,12.2,54.0,30.6,80.2
"MITROVIC, LUKA",2023,RED,31.0,19.64354838709677,9.4,4.9,1.7,0.6,0.3,1.2,12.3,59.7,33.3,68.5
"WILBEKIN, SCOTTIE",2023,ULK,41.0,24.679674796747967,13.0,2.2,3.3,1.1,0.0,1.7,12.5,42.6,40.1,87.5
"HERNANGOMEZ, WILLY",2023,BAR,38.0,16.235964912280703,11.0,4.8,0.4,0.4,0.4,1.6,12.7,57.5,36.4,70.9
"FALL, YOUSSOUPHA",2023,ASV,31.0,19.71344086021505,8.8,6.6,0.3,0.3,0.6,0.9,12.8,61.3,0.0,59.2
"NEDOVIC, NEMANJA",2023,RED,30.0,21.828333333333333,14.3,1.9,2.6,0.5,0.1,1.7,12.9,54.7,40.8,86.8
"LAUVERGNE, JOFFREY",2023,ASV,31.0,24.66344086021505,12.6,5.2,1.8,0.4,0.2,1.9,13.0,54.5,35.8,72.6
"NUNNALLY, JAMES",2023,PAR,32.0,27.755729166666665,12.3,3.2,2.6,0.6,0.1,1.6,13.0,58.2,43.3,87.0
"LEDAY, ZACH",2023,PAR,29.0,30.06264367816092,10.2,4.6,1.5,0.8,0.1,1.2,13.1,50.7,36.2,88.0
"BROWN, LORENZO",2023,TEL,38.0,29.30570175438596,13.2,2.8,6.1,1.0,0.1,2.6,13.1,45.4,34.5,85.9
"JONES, CHRIS",2023,PAM,33.0,25.795454545454547,12.7,2.1,4.2,1.2,0.0,1.7,13.3,47.7,45.5,80.9
"HEZONJA, MARIO",2023,MAD,38.0,23.308333333333334,13.5,4.6,0.9,1.0,0.1,1.1,13.3,52.2,43.1,92.1
"POIRIER, VINCENT",2023,MAD,37.0,18.35,9.0,5.3,0.6,0.4,1.5,0.8,13.4,67.5,40.0,70.6
"MITOGLOU, KONSTANTINOS",2023,PAN,38.0,28.160087719298243,11.3,6.2,0.9,0.8,0.4,1.0,13.4,55.2,34.5,74.5
"FALL, MOUSTAPHA",2023,OLY,36.0,22.550925925925927,7.2,4.7,2.4,0.2,1.2,1.1,13.4,78.9,0.0,43.9
"LEE, PARIS",2023,ASV,33.0,27.984343434343437,11.5,1.9,5.5,1.7,0.0,2.1,13.7,44.9,35.2,92.5
"COLSON, BONZIE",2023,TEL,40.0,28.4625,12.6,5.3,0.6,1.2,0.4,0.6,14.0,55.1,38.7,79.4
"PUNTER, KEVIN",2023,PAR,28.0,29.12619047619048,15.0,2.6,2.6,1.1,0.2,2.2,14.2,53.1,35.0,90.2
"YABUSELE, GUERSCHON",2023,MAD,27.0,23.589506172839503,10.5,4.9,1.0,0.8,0.2,0.9,14.2,65.2,46.1,86.8
"OJELEYE, SEMI",2023,PAM,27.0,22.183333333333334,13.3,4.4,0.4,0.8,0.2,1.5,14.2,50.8,47.1,86.9
"MILUTINOV, NIKOLA",2023,OLY,27.0,18.10555555555556,7.8,5.6,0.9,0.3,0.6,1.0,14.3,61.0,0.0,82.2
"PETERS, ALEC",2023,OLY,40.0,25.435,13.1,4.8,1.6,0.4,0.1,1.3,14.4,58.6,53.5,87.8
"MUSA, DZANAN",2023,MAD,38.0,21.01622807017544,13.5,2.7,2.2,0.3,0.2,1.2,14.5,61.0,41.3,81.9
"BOLOMBOY, JOEL",2023,RED,33.0,25.48282828282828,10.2,6.0,0.8,0.8,0.7,1.1,14.6,65.8,33.3,81.2
"SEDEKERSKIS, TADAS",2023,BAS,35.0,27.70523809523809,8.8,6.7,1.4,0.5,0.4,1.0,14.7,67.6,38.9,80.6
"CLYBURN, WILL",2023,IST,25.0,28.32333333333333,13.3,4.6,2.0,1.0,0.2,1.5,14.7,50.3,33.1,78.7
"VESELY, JAN",2023,BAR,38.0,21.881140350877192,12.3,4.3,1.3,1.0,0.5,1.1,14.9,61.7,28.6,79.8
"MILLER-MCINTYRE, CODI",2023,BAS,39.0,29.509401709401708,9.6,4.4,7.3,0.9,0.1,2.6,14.9,54.5,29.0,69.8
"TAVARES, WALTER",2023,MAD,34.0,22.883333333333333,9.4,6.5,1.4,0.7,1.5,1.7,14.9,60.7,0.0,73.8
"HAYES-DAVIS, NIGEL",2023,ULK,37.0,31.506306306306307,13.8,4.6,1.7,1.0,0.2,1.2,15.6,56.2,37.2,83.2
"IBAKA, SERGE",2023,MUN,28.0,24.691666666666663,12.6,6.8,1.2,0.5,1.2,1.6,15.8,62.8,48.0,66.7
"SLOUKAS, KOSTAS",2023,PAN,34.0,26.234803921568627,12.7,3.2,5.6,0.8,0.0,2.4,16.1,59.1,41.5,85.3
"THIEMANN, JOHANNES",2023,BER,29.0,24.98333333333333,12.7,5.2,1.9,0.9,0.1,1.7,16.4,53.1,34.4,78.6
"NEBO, JOSH",2023,TEL,39.0,23.727350427350427,11.2,7.1,0.6,0.6,0.9,0.9,16.7,66.9,0.0,71.4
"CAMPAZZO, FACUNDO",2023,MAD,37.0,25.29054054054054,11.5,2.9,6.5,1.3,0.0,2.4,16.7,57.8,32.2,86.6
"SHIELDS, SHAVON",2023,MIL,29.0,30.44022988505747,15.7,3.7,2.8,1.3,0.1,2.0,16.8,59.0,38.9,82.1
"SHENGELIA, TORNIKE",2023,VIR,33.0,27.41868686868687,14.5,5.0,3.3,1.0,0.2,2.7,17.4,58.5,25.5,78.8
"EVANS, KEENAN",2023,ZAL,34.0,27.387254901960784,17.3,2.8,3.9,1.2,0.1,2.3,18.3,52.5,43.5,89.5
"MONEKE, CHIMA",2023,BAS,34.0,24.734803921568627,13.6,6.6,1.4,1.1,0.5,2.0,18.3,60.5,35.3,76.4
"BALDWIN IV, WADE",2023,TEL,30.0,27.552222222222223,17.4,2.5,4.9,1.0,0.2,2.6,19.1,48.3,39.1,84.8
"JAMES, MIKE",2023,MCO,39.0,31.67094017094017,17.9,4.1,5.1,1.2,0.1,2.1,19.4,46.8,37.2,77.2
"LESSORT, MATHIAS",2023,PAN,41.0,29.678048780487803,13.9,6.3,1.4,1.0,0.9,1.8,19.6,62.6,0.0,60.7
"LARKIN, SHANE",2023,IST,35.0,31.64523809523809,16.8,2.8,5.1,1.1,0.1,1.9,19.9,54.8,39.1,90.8
"MATTISSECK, JONAS",2024,BER,29.0,13.328735632183909,2.4,0.8,0.5,0.5,0.0,0.3,0.4,36.8,23.0,85.7
"JACKSON, EDWIN",2024,ASV,22.0,15.02727272727273,3.6,1.5,0.6,0.2,0.0,0.5,1.8,46.2,25.0,100.0
"BELINELLI, MARCO",2024,VIR,30.0,13.73611111111111,6.2,0.5,0.9,0.3,0.0,0.6,2.5,45.3,29.4,81.8
"OUATTARA, YAKUBA",2024,PRS,35.0,14.864285714285714,4.5,1.8,0.3,0.4,0.1,0.5,2.6,49.2,30.4,100.0
"RAPIEQUE, ELIAS",2024,BER,27.0,15.05493827160494,4.2,2.1,1.3,0.6,0.0,1.0,2.6,54.1,16.7,55.6
"MITCHELL, MATTHEW",2024,ZAL,29.0,14.378160919540228,3.2,2.3,0.9,0.3,0.0,0.8,2.7,44.3,16.7,75.9
"AJINCA, MELVIN",2024,ASV,27.0,14.42777777777778,5.4,1.2,0.3,0.1,0.0,0.6,2.7,50.0,42.7,90.9
"HACKETT, DANIEL",2024,VIR,31.0,15.51774193548387,2.5,2.0,1.7,0.4,0.0,0.9,2.9,38.2,36.1,85.7
"LIGHTY, DAVID",2024,ASV,33.0,19.44242424242424,4.4,1.8,1.0,0.5,0.1,0.6,3.2,43.6,40.6,77.8
"RICCI, GIAMPAOLO",2024,MIL,32.0,15.1125,3.6,2.5,0.4,0.4,0.2,0.4,3.2,65.2,44.8,100.0
"SY, BANDJA",2024,PRS,35.0,13.516190476190475,3.1,2.1,0.4,0.4,0.3,0.5,3.4,57.1,45.8,62.5
"GARUBA, USMAN",2024,MAD,27.0,14.096913580246914,3.9,3.1,0.6,0.6,0.4,0.6,3.8,65.5,23.5,50.0
"MIKE, ISIAHA",2024,PAR,23.0,15.357971014492756,3.9,2.4,0.7,0.6,0.1,0.6,4.0,63.2,25.6,57.9
"ABRINES, ALEX",2024,BAR,37.0,17.006756756756758,4.5,2.1,0.7,0.5,0.1,0.3,4.2,50.0,37.9,91.3
"NDIAYE, ELI",2024,MAD,25.0,13.978,3.6,2.4,0.5,0.6,0.1,0.2,4.2,54.5,34.1,66.7
"HARRISON, SHAQUILLE",2024,ASV,34.0,16.351470588235294,5.2,1.6,1.6,1.1,0.2,1.1,4.4,48.3,41.7,57.1
"DAVIDOVAC, DEJAN",2024,RED,28.0,12.549404761904762,3.8,1.8,0.5,0.4,0.2,0.3,4.4,65.9,40.0,82.1
"BROWN, VITTO",2024,MCO,23.0,13.681884057971017,4.4,2.5,0.7,0.4,0.2,0.5,4.4,50.0,27.9,80.0
"GIEDRAITIS, DOVYDAS",2024,ZAL,30.0,24.011666666666667,5.8,1.8,1.9,0.6,0.1,1.1,4.5,46.8,39.1,78.6
"SCHNEIDER, TIM",2024,BER,32.0,19.616666666666667,5.6,3.3,0.4,0.4,0.2,0.9,4.5,56.2,29.2,57.6
"TONUT, STEFANO",2024,MIL,27.0,15.406172839506173,3.2,1.9,1.1,0.3,0.1,0.3,4.5,55.6,45.2,55.6
"POKUSEVSKI, ALEKSEJ",2024,PAR,27.0,12.784567901234569,3.9,2.2,1.2,0.6,1.0,0.5,4.7,60.9,29.5,69.2
"FELIZ, ANDRES",2024,MAD,33.0,14.193939393939392,4.8,1.8,1.6,0.7,0.1,0.7,4.8,54.4,29.2,62.1
"GIEDRAITIS, ROKAS",2024,RED,34.0,15.800980392156864,4.8,2.0,0.8,0.7,0.1,0.3,5.0,51.8,35.3,72.7
"LLULL, SERGIO",2024,MAD,40.0,17.098333333333333,6.6,1.4,2.2,0.4,0.0,0.7,5.1,40.5,29.2,81.2
"OLINDE, LOUIS",2024,BER,23.0,19.06376811594203,5.6,2.8,1.1,0.3,0.5,0.8,5.1,67.2,19.6,75.0
"DIBARTOLOMEO, JOHN",2024,TEL,33.0,17.421212121212122,5.2,1.9,0.7,0.7,0.0,0.2,5.2,33.3,42.7,88.9
"BIRCH, KHEM",2024,ULK,36.0,13.665277777777778,3.5,3.7,0.6,0.4,0.4,0.9,5.2,58.5,0.0,72.5
"VILDOZA, LUCA",2024,OLY,33.0,17.671212121212122,4.8,1.5,2.7,0.7,0.1,1.0,5.2,48.7,36.8,82.4
"SANLI, SERTAC",2024,ULK,33.0,13.07020202020202,5.5,2.4,0.7,0.4,0.5,0.6,5.3,61.8,36.1,78.0
"GIFFEY, NIELS",2024,MUN,25.0,18.192666666666668,6.4,1.8,0.9,0.2,0.2,0.8,5.3,54.5,57.9,77.8
"DUNSTON, BRYANT",2024,ZAL,34.0,15.699019607843136,4.1,3.3,0.9,0.5,0.5,0.6,5.4,62.4,0.0,63.9
"BIRUTIS, LAURYNAS",2024,ZAL,34.0,13.02156862745098,5.3,2.7,0.4,0.1,0.5,0.7,5.4,63.5,0.0,59.6
"PARRA, JOEL",2024,BAR,31.0,14.97956989247312,4.9,2.8,0.6,0.6,0.1,0.4,5.5,58.6,23.9,77.3
"DA SILVA, OSCAR",2024,MUN,25.0,15.460666666666668,4.8,3.1,0.5,0.5,0.2,0.8,5.6,65.2,31.6,68.4
"MITOGLOU, KONSTANTINOS",2024,PAN,39.0,16.146153846153847,6.0,2.9,0.6,0.5,0.1,0.6,5.6,53.3,43.1,66.7
"DIOP, KHALIFA",2024,BAS,32.0,14.4609375,4.1,3.6,0.5,0.3,0.5,0.7,5.8,62.9,0.0,52.8
"ZAGARS, ARTURS",2024,ULK,22.0,14.91439393939394,5.9,1.1,2.3,0.4,0.0,1.3,5.8,42.9,32.4,75.0
"DELOW, MALTE",2024,BER,23.0,18.19855072463768,5.7,2.7,1.6,0.8,0.2,0.7,5.9,62.0,19.6,77.3
"POLONARA, ACHILLE",2024,VIR,33.0,16.242929292929293,4.8,2.8,0.9,0.5,0.4,0.5,6.0,56.1,27.6,79.5
"IBAKA, SERGE",2024,MAD,29.0,12.317816091954022,6.2,3.2,0.7,0.2,0.5,1.2,6.0,63.2,31.7,75.0
"BROOKS, ARMONI",2024,MIL,32.0,15.011979166666666,7.6,2.0,0.8,0.5,0.1,0.5,6.1,45.8,41.3,96.6
"HOWARD, MARKUS",2024,BAS,32.0,22.3390625,12.1,1.3,1.5,0.3,0.0,1.4,6.2,44.4,33.9,85.0
"PAPANIKOLAOU, KOSTAS",2024,OLY,38.0,18.76885964912281,4.8,2.8,2.1,0.6,0.3,0.8,6.2,57.4,34.0,69.2
"BALDWIN, KAMAR",2024,BAS,25.0,21.412,7.1,1.7,3.7,0.9,0.2,0.9,6.4,43.0,30.3,80.0
"DIMITRIJEVIC, NENO",2024,MIL,27.0,16.849382716049384,7.6,1.6,2.9,0.4,0.0,1.5,6.5,45.1,23.7,87.3
"BUTKEVICIUS, ARNAS",2024,ZAL,33.0,22.01313131313131,4.5,3.7,1.2,1.0,0.3,0.7,6.5,46.5,38.0,74.3
"ABALDE, ALBERTO",2024,MAD,39.0,18.87136752136752,5.9,2.4,1.7,0.5,0.0,0.5,6.6,58.9,46.0,88.5
"CANAAN, ISAIAH",2024,RED,35.0,21.01904761904762,10.0,1.5,1.3,0.6,0.0,0.9,6.7,46.8,38.3,86.4
"SMITS, ROLANDS",2024,IST,39.0,18.14145299145299,6.8,2.5,0.9,0.3,0.1,0.9,6.7,67.7,38.6,81.8
"MELLI, NICOLO",2024,ULK,38.0,17.27675438596491,4.9,4.1,1.1,0.6,0.4,0.7,6.8,61.9,37.3,60.7
"COLSON, BONZIE",2024,ULK,39.0,18.449572649572648,6.7,3.5,0.5,0.6,0.3,0.8,6.8,47.8,35.7,65.8
"NWORA, JORDAN",2024,IST,37.0,16.82162162162162,7.6,3.3,0.8,0.5,0.2,1.3,6.8,50.8,34.5,86.5
"OSMANI, ERCAN",2024,IST,39.0,16.582905982905984,6.5,2.9,1.0,0.5,0.2,1.0,6.9,55.7,39.2,92.7
"OBST, ANDREAS",2024,MUN,36.0,23.862962962962964,10.2,1.9,1.5,0.5,0.0,1.2,7.0,41.2,42.5,74.1
"SIRVYDIS, DEIVIDAS",2024,ZAL,34.0,16.54264705882353,8.4,2.6,0.8,0.5,0.1,1.1,7.0,51.5,38.8,69.1
"MCDOWELL-WHITE, WILL",2024,BER,22.0,19.05227272727273,5.7,1.7,3.8,0.6,0.1,1.3,7.0,55.3,35.9,100.0
"GABRIEL, WENYEN",2024,TEL;PAN,32.0,16.525520833333335,6.0,3.9,0.7,0.6,0.9,1.2,7.0,64.1,0.0,41.1
"LEE, PARIS",2024,ASV,26.0,22.016666666666666,8.3,1.5,3.1,0.8,0.0,1.1,7.0,30.0,34.1,84.2
"PAJOLA, ALESSANDRO",2024,VIR,30.0,23.61555555555556,5.4,2.4,4.1,1.2,0.1,1.3,7.2,49.0,34.8,79.2
"WALKUP, THOMAS",2024,OLY,26.0,20.231410256410257,4.0,2.3,4.6,1.0,0.1,1.5,7.2,50.0,34.0,61.5
"MCKISSIC, SHAQUIELLE",2024,OLY,38.0,16.432894736842105,7.6,2.1,1.6,0.5,0.0,1.0,7.2,62.7,31.2,65.2
"MALCOLM, COLLIN",2024,PRS,33.0,18.953535353535354,7.7,2.5,1.2,0.4,0.2,0.7,7.2,55.3,32.7,77.1
"LUWAWU-CABARROT, TIMOTHE",2024,BAS,26.0,24.941025641025643,10.0,3.2,2.0,0.8,0.2,2.0,7.3,43.4,33.7,84.8
"LUNDBERG, IFFE",2024,PAR,26.0,24.91217948717949,7.9,2.2,3.0,0.9,0.0,1.1,7.3,34.9,34.6,80.0
"NUNEZ, JUAN",2024,BAR,25.0,15.576666666666668,5.0,2.5,3.4,0.8,0.0,1.3,7.4,53.4,27.5,65.0
"MITROVIC, LUKA",2024,RED,25.0,12.543333333333331,5.6,2.9,1.0,0.2,0.2,1.0,7.4,65.0,0.0,67.3
"DOS SANTOS, YAGO",2024,RED,35.0,16.244761904761905,6.3,1.6,3.3,0.5,0.0,1.2,7.5,38.1,39.1,81.5
"MOTIEJUNAS, DONATAS",2024,MCO,29.0,14.729885057471265,6.4,3.1,0.9,0.3,0.3,0.9,7.5,59.3,47.4,54.3
"BRAZDEIKIS, IGNAS",2024,ZAL,29.0,17.655172413793103,8.2,3.2,1.4,0.3,0.1,0.9,7.6,52.2,24.0,88.6
"BROWN, LORENZO",2024,PAN,38.0,14.914473684210526,6.3,2.0,2.7,0.8,0.1,1.3,7.6,53.4,33.3,80.5
"MORGAN, MATTHEW",2024,VIR,34.0,18.65686274509804,7.8,1.7,2.6,0.5,0.0,1.0,7.6,56.0,27.1,92.5
"PROCIDA, GABRIELE",2024,BER,26.0,20.512179487179488,9.7,2.2,0.8,0.7,0.3,1.2,7.7,61.9,21.9,78.6
"SMAILAGIC, ALEN",2024,ZAL,29.0,15.004597701149423,8.1,2.9,0.4,0.4,0.6,0.9,7.8,67.7,34.9,73.5
"MANNION, NICCOLO",2024,MIL,27.0,22.02469135802469,8.5,1.4,4.0,0.7,0.0,2.3,7.8,57.3,33.0,82.0
"DIOUF, MOUHAMET",2024,VIR,31.0,15.853225806451611,6.2,3.1,0.4,0.6,0.4,0.7,7.9,60.0,0.0,70.1
"LO, MAODO",2024,PRS,29.0,17.17183908045977,10.0,1.5,2.1,0.4,0.0,1.3,8.0,57.5,33.3,77.8
"STRAZEL, MATTHEW",2024,MCO,41.0,20.24878048780488,8.3,1.2,2.4,0.5,0.0,1.0,8.0,50.5,41.0,84.3
"BEAUBOIS, RODRIGUE",2024,IST,33.0,18.870202020202026,8.9,1.4,1.6,0.7,0.3,0.5,8.1,57.6,45.9,86.4
"ULANOVAS, EDGARAS",2024,ZAL,34.0,22.367156862745095,6.6,2.9,1.8,0.5,0.1,0.9,8.2,48.1,39.4,83.1
"NEDOVIC, NEMANJA",2024,RED,27.0,18.57469135802469,9.2,1.4,2.9,0.5,0.1,1.3,8.3,48.1,39.1,81.2
"FALL, MOUSTAPHA",2024,OLY,35.0,17.37238095238095,5.8,2.9,1.9,0.3,0.8,0.9,8.3,73.7,0.0,41.2
"BIBEROVIC, TARIK",2024,ULK,37.0,22.48513513513513,10.4,3.1,1.4,0.5,0.2,1.2,8.4,51.4,43.2,83.3
"BRIZUELA, DARIO",2024,BAR,36.0,18.34583333333333,10.0,1.4,2.2,0.4,0.1,1.3,8.4,53.3,46.0,79.6
"ANDERSON, JUSTIN",2024,BAR,37.0,19.57072072072072,7.1,2.8,1.4,0.7,0.3,0.5,8.5,62.6,41.3,88.1
"OSMAN, CEDI",2024,PAN,39.0,19.82264957264957,9.6,2.7,0.7,0.5,0.2,0.6,8.5,55.2,37.7,79.1
"WILLIAMS-GOSS, NIGEL",2024,OLY,35.0,22.90619047619048,8.6,2.1,3.4,0.7,0.1,1.8,8.6,47.8,35.7,82.8
"DECK, GABRIEL",2024,MAD,28.0,23.37559523809524,8.0,3.2,1.4,0.5,0.2,1.0,8.6,61.8,41.2,65.4
"HALL, DEVON",2024,ULK,32.0,23.472395833333334,7.8,2.2,3.4,0.5,0.1,1.3,8.8,53.6,38.7,82.2
"PAPAGIANNIS, GEORGIOS",2024,MCO,29.0,16.508045977011495,7.3,3.4,0.5,0.5,1.3,0.6,8.8,66.7,39.3,90.0
"BOLMARO, LEANDRO",2024,MIL,25.0,22.40266666666667,6.9,2.4,3.1,1.1,0.2,1.2,8.8,50.9,22.2,67.4
"SPAGNOLO, MATTEO",2024,BER,27.0,20.73827160493827,9.6,2.0,3.8,0.5,0.0,2.1,8.9,44.8,26.1,79.7
"LOYD, JORDAN",2024,MCO;TEL,35.0,21.19761904761905,9.4,2.9,1.7,0.6,0.1,1.1,9.0,52.1,36.9,89.7
"HAYES, KEVARRIUS",2024,PRS,38.0,20.226754385964917,6.5,4.6,0.5,1.0,0.8,0.9,9.0,61.9,0.0,78.3
"PETERS, ALEC",2024,OLY,40.0,16.43208333333333,8.1,2.6,0.8,0.3,0.0,0.4,9.0,55.3,52.3,93.8
"JAITEH, MAM",2024,MCO,31.0,14.638709677419357,7.5,4.0,0.6,0.5,0.3,1.1,9.0,65.6,0.0,63.2
"BLOSSOMGAME, JARON",2024,MCO,40.0,24.065,7.7,4.1,0.5,0.4,0.2,0.4,9.1,61.3,31.2,63.8
"VOIGTMANN, JOHANNES",2024,MUN,36.0,23.64305555555556,6.5,4.9,2.4,0.5,0.2,1.5,9.2,60.2,34.9,69.0
"YURTSEVEN, OMER",2024,PAN,31.0,14.579569892473115,8.4,4.0,0.6,0.4,0.7,1.4,9.4,63.3,40.0,70.8
"ZIZIC, ANTE",2024,VIR,25.0,16.474,8.0,3.8,0.3,0.3,0.6,0.8,9.5,64.2,0.0,64.4
"JANTUNEN, MIKAEL",2024,PRS,38.0,25.51315789473684,7.5,4.8,1.0,0.7,0.2,0.4,9.5,63.2,38.8,82.4
"McCORMACK, DAVID",2024,BER;MIL,28.0,16.336309523809526,8.4,4.6,0.6,0.8,0.1,1.7,9.6,60.4,0.0,72.5
"ROGKAVOPOULOS, NIKOLAOS",2024,BAS,33.0,18.716666666666665,9.7,3.9,1.0,0.5,0.1,0.5,9.6,52.7,43.5,81.1
"SATORANSKY, TOMAS",2024,BAR,39.0,23.705128205128204,5.9,3.2,5.3,0.9,0.1,1.8,9.7,50.0,34.7,67.5
"BONGA, ISAAC",2024,PAR,30.0,24.98,7.7,4.5,1.1,0.7,0.5,0.7,9.8,49.2,41.2,93.3
"CAUSEUR, FABIEN",2024,MIL,22.0,21.018181818181816,8.3,2.8,1.7,1.0,0.1,0.9,9.9,59.6,52.8,76.9
"MILLER-MCINTYRE, CODI",2024,RED,35.0,25.374285714285715,10.3,3.1,4.6,0.6,0.0,2.1,10.0,52.5,30.5,71.4
"ROBERSON, ANDRE",2024,ASV,25.0,25.840666666666667,8.4,6.2,1.4,1.2,1.1,1.6,10.5,52.4,35.7,61.0
"HIFI, NADIR",2024,PRS,38.0,19.967543859649123,15.1,2.1,1.3,0.6,0.0,1.5,10.6,48.9,34.3,85.7
"GRANT, JERIAN",2024,PAN,41.0,26.865040650406502,8.6,2.1,3.2,0.9,0.1,0.8,10.6,55.0,43.0,84.7
"HERMANNSSON, MARTIN",2024,BER,24.0,21.780555555555555,9.5,1.6,5.7,0.6,0.0,2.2,10.8,50.0,29.0,81.0
"DAVIES, BRANDON",2024,PAR,33.0,18.717676767676767,9.9,3.6,1.5,0.9,0.4,1.4,10.8,51.4,49.2,59.5
"HERNANGOMEZ, WILLY",2024,BAR,34.0,15.836764705882354,8.2,4.1,0.5,0.6,0.1,1.1,10.8,64.1,0.0,67.3
"WILLIAMS, TREVION",2024,BER;TEL,32.0,19.89739583333333,9.8,6.5,2.4,0.6,0.5,2.4,10.9,54.9,26.7,66.7
"BALDWIN IV, WADE",2024,ULK,27.0,24.224691358024693,11.1,2.7,3.7,0.9,0.1,2.1,11.0,47.6,30.9,79.7
"OTURU, DAN",2024,IST,38.0,16.58815789473684,8.8,4.2,0.5,0.5,1.0,1.1,11.1,71.6,0.0,68.5
"WARD, TYSON",2024,PRS,38.0,26.346929824561403,11.0,4.9,1.3,0.9,0.2,1.0,11.3,58.9,33.2,75.9
"WETZELL, YANNI",2024,BER,28.0,20.853571428571428,11.2,4.4,1.6,0.8,0.2,1.5,11.4,57.3,35.7,65.8
"BROWN, STERLING",2024,PAR,34.0,25.762254901960784,12.4,3.0,2.1,0.8,0.2,1.4,11.5,57.5,46.9,92.9
"SEDEKERSKIS, TADAS",2024,BAS,25.0,24.41133333333333,7.4,4.8,1.7,0.3,0.2,0.9,11.5,60.5,44.4,74.3
"KALINIC, NIKOLA",2024,RED,35.0,27.185714285714287,9.0,4.1,2.6,0.8,0.1,1.7,11.6,57.7,43.5,67.5
"NAPIER, SHABAZZ",2024,MUN,33.0,20.602020202020203,10.3,2.3,3.2,1.1,0.0,1.9,11.6,54.4,41.1,94.4
"VESELY, JAN",2024,BAR,24.0,21.17361111111111,9.0,3.6,1.9,1.1,0.5,0.9,11.6,55.9,50.0,76.1
"FORREST, TRENT",2024,BAS,34.0,24.780882352941177,9.7,2.8,4.7,0.8,0.2,1.9,11.6,52.2,32.8,81.8
"BLATT, TAMIR",2024,TEL,26.0,24.183333333333334,8.9,2.4,6.7,0.5,0.0,2.9,11.7,45.9,35.6,95.0
"THOMPSON, DARIUS",2024,IST,39.0,26.32991452991453,9.5,2.0,4.5,0.9,0.4,1.2,11.7,55.6,44.1,79.2
"METU, CHIMEZIE",2024,BAR,24.0,20.038194444444446,11.0,4.8,1.0,0.6,0.6,1.7,11.8,62.4,36.4,75.0
"GUDURIC, MARKO",2024,ULK,36.0,22.038425925925925,10.9,2.6,3.1,0.7,0.1,2.0,11.9,58.2,38.4,88.3
"SORKIN, ROMAN",2024,TEL,33.0,23.36060606060606,12.9,4.1,1.1,0.5,0.5,1.5,11.9,57.7,34.1,84.7
"RANDOLPH, LEVI",2024,TEL,33.0,27.725757575757576,12.0,3.8,1.8,0.6,0.0,1.2,12.2,48.2,39.0,91.5
"SLOUKAS, KOSTAS",2024,PAN,39.0,21.746153846153845,9.1,2.0,4.8,0.8,0.1,1.6,12.2,45.4,36.6,94.1
"DIALLO, ALPHA",2024,MCO,35.0,26.562380952380952,11.5,4.0,1.7,1.0,0.3,1.2,12.2,60.6,44.0,66.7
"SAKO, NEAL",2024,ASV,33.0,21.975252525252525,9.0,6.2,0.8,0.8,0.5,0.9,12.4,68.1,0.0,57.0
"PARKER, JABARI",2024,BAR,39.0,27.21410256410256,13.8,4.0,1.7,0.8,0.2,1.5,12.4,55.7,38.3,79.4
"MUSA, DZANAN",2024,MAD,35.0,21.78619047619048,12.2,2.9,2.0,0.4,0.1,1.7,12.5,53.3,37.2,81.2
"FOURNIER, EVAN",2024,OLY,37.0,25.79144144144144,16.1,2.2,2.6,1.1,0.1,1.8,12.6,50.7,35.8,73.5
"WEILER-BABB, NICK",2024,MUN,34.0,26.347549019607843,8.2,4.1,4.9,1.5,0.1,1.6,12.9,56.7,43.5,72.7
"DE COLO, NANDO",2024,ASV,32.0,20.593229166666667,11.5,1.7,4.5,0.8,0.0,2.3,13.1,52.8,38.5,94.8
"SHIELDS, SHAVON",2024,MIL,28.0,27.55535714285714,12.0,3.6,2.6,0.7,0.0,1.5,13.3,53.2,42.2,72.7
"OKOBO, ELIE",2024,MCO,35.0,25.16333333333333,12.5,1.9,4.1,1.1,0.2,1.8,13.4,49.8,38.9,87.8
"POIRIER, VINCENT",2024,IST,39.0,21.361538461538466,9.5,5.0,1.2,0.6,1.3,0.9,13.4,65.9,0.0,70.4
"CORDINIER, ISAIA",2024,VIR,34.0,26.9156862745098,12.0,3.9,3.9,0.7,0.3,2.0,13.6,56.8,27.7,79.8
"HEZONJA, MARIO",2024,MAD,38.0,27.06184210526316,14.9,5.3,1.5,0.8,0.1,1.6,14.3,61.5,31.5,81.9
"HALL, DONTA",2024,BAS,34.0,21.501470588235293,8.7,5.4,0.9,0.5,1.1,0.7,14.4,71.4,0.0,69.1
"MILUTINOV, NIKOLA",2024,OLY,29.0,19.86264367816092,8.2,5.8,0.8,0.6,0.7,0.6,14.4,58.2,0.0,83.7
"BRYANT, ELIJAH",2024,IST,38.0,27.03245614035088,13.8,4.2,3.1,1.2,0.2,2.2,14.4,49.0,36.5,90.0
"PETRUSEV, FILIP",2024,OLY;RED,32.0,20.1453125,13.0,4.6,1.6,0.7,0.5,1.2,14.7,62.4,26.8,67.5
"TAVARES, WALTER",2024,MAD,40.0,23.26333333333333,10.2,6.6,1.2,0.7,1.2,2.0,15.3,73.8,0.0,72.2
"HERNANGOMEZ, JUANCHO",2024,PAN,40.0,27.32125,10.0,7.0,1.4,0.9,0.3,0.6,15.3,56.9,43.0,63.1
"CLYBURN, WILL",2024,VIR,24.0,27.43055555555556,13.8,4.7,2.4,1.1,0.2,1.4,15.4,51.7,34.1,81.7
"LARKIN, SHANE",2024,IST,28.0,26.198214285714283,11.7,2.6,4.5,1.2,0.0,1.8,15.5,48.1,39.3,86.9
"FRANCISCO, SYLVAIN",2024,ZAL,34.0,25.49117647058824,14.6,2.6,4.5,0.9,0.4,2.9,15.6,47.9,34.2,75.6
"JOKUBAITIS, ROKAS",2024,TEL,28.0,24.464285714285715,12.6,3.2,4.6,1.0,0.0,2.6,15.6,60.2,37.1,85.7
"JONES, TYRIQUE",2024,PAR,32.0,22.633854166666666,11.6,6.0,1.0,1.1,0.7,1.7,16.0,63.2,0.0,66.4
"BOOKER, DEVIN",2024,MUN,28.0,26.258333333333333,14.9,4.7,1.6,0.7,0.2,1.6,16.2,58.7,40.5,82.5
"PUNTER, KEVIN",2024,BAR,37.0,27.07702702702703,16.6,2.2,3.0,1.3,0.0,1.6,16.5,53.9,38.6,94.4
"EDWARDS, CARSEN",2024,MUN,35.0,28.82523809523809,20.4,2.3,3.3,1.0,0.1,2.3,16.7,53.9,35.6,91.0
"JONES, CARLIK",2024,PAR,34.0,26.96421568627451,14.1,3.2,5.4,1.0,0.1,1.8,17.3,50.9,31.9,85.2
"JAMES, MIKE",2024,MCO,41.0,29.341463414634145,15.9,3.0,5.8,1.1,0.0,1.9,17.4,44.8,33.0,78.9
"SHENGELIA, TORNIKE",2024,VIR,28.0,27.45595238095238,15.6,5.0,2.7,0.7,0.4,2.5,17.5,51.3,36.2,82.4
"CAMPAZZO, FACUNDO",2024,MAD,39.0,25.74017094017094,12.0,3.1,6.0,1.0,0.1,2.3,17.5,56.1,33.8,86.0
"HOARD, JAYLEN",2024,TEL,24.0,30.64027777777778,14.7,5.0,1.4,1.3,0.2,0.9,17.5,61.6,32.4,78.4
"HAYES-DAVIS, NIGEL",2024,ULK,39.0,31.34230769230769,16.7,5.3,1.7,1.1,0.3,1.4,18.3,49.8,41.0,90.8
"MONEKE, CHIMA",2024,BAS,33.0,28.203535353535354,14.0,6.1,2.3,0.9,0.3,1.9,18.6,64.5,29.5,81.3
"NUNN, KENDRICK",2024,PAN,40.0,30.82708333333333,20.0,3.5,4.2,1.0,0.2,2.8,18.7,56.3,39.2,86.2
"LEDAY, ZACH",2024,MIL,34.0,27.644117647058824,16.0,4.5,1.2,0.7,0.1,1.3,19.4,53.2,46.2,91.5
"MALEDON, THEO",2024,ASV,33.0,27.593434343434343,17.0,3.5,4.6,1.0,0.2,2.9,20.6,52.5,34.4,90.4
"MIROTIC, NIKOLA",2024,MIL,30.0,27.487222222222226,17.7,6.4,2.0,1.0,0.3,1.9,22.0,55.0,38.9,89.3
"SHORTS, TJ",2024,PRS,37.0,27.32927927927928,19.0,2.6,7.3,1.0,0.1,2.3,22.8,52.0,36.1,73.4
"VEZENKOV, SASHA",2024,OLY,38.0,30.39342105263158,19.8,6.6,1.8,0.9,0.2,1.1,23.7,64.5,38.2,88.6
